1,A0FGR8-2
2,A0FGR8-2
3,A0JLT2
4,A0MZ66
5,A0MZ66
6,A0MZ66
7,A0MZ66
8,A0MZ66
9,A1L390
10,A1X283
11,A2AB27
12,A2AB27
13,A2AB27
14,A2ABF8
15,A2ABF8
16,A2ABF8
17,A2ABF8
18,A2ABF8
19,A3KN83
20,A6ND36
21,A6NHQ4
22,A7E2V4
23,A8CG34
24,A8CG34
25,A8CG34
26,A8MTH1
27,A8MXP9
28,A8MXP9
29,A8MXP9
30,A8MXP9
31,A8MXP9
32,A8MXP9
33,A8MXP9
34,B1AKC7
35,B1AKC7
36,B1AKC7
37,B3KYA7
38,B3KYA7
39,B4DKL4
40,B4DKL4
41,B4DKL4
42,B4DKL4
43,B4DLE8
44,B4DN88
45,B7Z416
46,B7Z7F3
47,B7Z7F3
48,B7Z7F3
49,B8ZZJ1
50,B8ZZJ1
51,B9A057
52,C9J3L7
53,C9JFK9
54,C9JFK9
55,C9JFK9
56,C9JV57
57,D3DU85
58,D3K174
59,E7EQM6
60,E7EST9
61,E7EST9
62,E7EVA0
63,E7EVA0
64,E7EVA0
65,E7EVA0
66,E7EVA0
67,E7EVA0
68,E7EVA0
69,E7EVA0
70,E7EVA0
71,E7EVA0
72,E7EVA0
73,E7EVA0
74,E7EVA0
75,E7EVA0
76,E7EVA0
77,E7EVA0
78,E7EX17
79,E7EX17
80,E7EX17
81,E7EX17
82,E7EX17
83,E9PAU2
84,E9PAU2
85,E9PAU2
86,E9PAU2
87,E9PAU2
88,E9PAU2
89,E9PAU2
90,E9PAU2
91,E9PBC6
92,E9PBC6
93,E9PBC6
94,E9PBC6
95,E9PBC6
96,E9PBC6
97,E9PBC6
98,E9PBC6
99,E9PBC6
100,E9PBC6
101,E9PBC6
102,E9PBC6
103,E9PBC6
104,E9PBC6
105,E9PBC6
106,E9PBC6
107,E9PCT1
108,E9PCT1
109,E9PCT1
110,E9PCT1
111,E9PCT1
112,E9PCT1
113,E9PCT1
114,E9PCT1
115,E9PHI4
116,E9PHI4
117,E9PMQ6
118,E9PMQ6
119,E9PMQ6
120,E9PR76
121,F5GWJ1
122,F5GWJ1
123,F5GWJ1
124,F5GWJ1
125,F5H425
126,F5H604
127,F5H604
128,F5H604
129,F5H604
130,F5H604
131,F5H7D6
132,F5H7D6
133,F5H7D6
134,F8W0B5
135,F8W7U3
136,F8W7U3
137,F8W7U3
138,F8W7U3
139,F8W7U3
140,F8W7U3
141,F8W7U3
142,F8W7U3
143,F8W7U3
144,F8W7U3
145,F8W7U3
146,F8W7U3
147,F8W7U3
148,F8W8C2
149,F8W9W0
150,F8WBL2
151,F8WF49
152,G3V174
153,G3V174
154,G3XAD8
155,G5E9D3
156,G5E9D3
157,G5E9D3
158,G5E9D3
159,G5E9D3
160,G5E9D3
161,G5E9M5
162,G5E9M5
163,G5E9M5
164,G5E9M5
165,G8JLK7
166,G8JLK7
167,H0Y6A0
168,H0Y763
169,H0YGG4
170,H0YJA2
171,H0YLB5
172,H3BU16
173,H7BXF5
174,H7BXR4
175,H7BXR4
176,H7BXR4
177,H7BXR4
178,H7BXR4
179,H7BXR4
180,H7BXR4
181,H7BXR4
182,H7BXR4
183,H7BXR4
184,H7BXV2
185,H7BXV2
186,H7BXV2
187,H7C0J3
188,H7C0J3
189,H7C0J3
190,H7C151
191,H7C151
192,H7C151
193,H7C3Z7
194,H8Y6P7
195,I3L2J0
196,I3L2J0
197,I3L2J0
198,I3L2J0
199,I3L2J0
200,I3L2J0
201,I3L2J0
202,I3L2J0
203,I3L4C2
204,I3L4C2
205,I3L4C2
206,I3L4C2
207,J3KNH4
208,J3KNL6
209,J3KNL6
210,J3KNL6
211,J3KNL6
212,J3KNL6
213,J3KNL6
214,J3KNL6
215,J3KNL6
216,J3KNL6
217,J3KNL6
218,J3KNL6
219,J3KNL6
220,J3KNL6
221,J3KNL6
222,J3KNL6
223,J3KNZ9
224,J3KPD3
225,J3KPJ3
226,J3KPV7
227,J3KPV7
228,J3KPW7
229,J3KPW7
230,J3KPW7
231,J3QQW9
232,J3QQY7
233,J3QQY7
234,J3QQY7
235,J3QRX6
236,K4DI93
237,M0QXA7
238,M0QXA7
239,M0QXA7
240,M0QXA7
241,M0QXA7
242,M0QXA7
243,M0QXA7
244,M0QXA7
245,M0QXA7
246,O00139
247,O00148
248,O00148
249,O00151
250,O00159
251,O00178
252,O00178
253,O00178
254,O00178
255,O00178
256,O00178
257,O00193
258,O00193
259,O00193
260,O00203
261,O00203
262,O00221
263,O00255
264,O00257
265,O00264
266,O00267
267,O00267
268,O00267
269,O00267
270,O00267
271,O00267
272,O00273
273,O00303
274,O00308
275,O00418
276,O00429
277,O00443
278,O00487
279,O00499
280,O00499
281,O00499
282,O00499
283,O00499
284,O00505
285,O00505
286,O00512
287,O00512
288,O00559
289,O00567
290,O00567
291,O00567
292,O00567
293,O00567
294,O00571
295,O00571
296,O00571
297,O00592
298,O00629
299,O14495
300,O14497
301,O14497
302,O14524
303,O14530
304,O14545
305,O14545
306,O14545
307,O14578
308,O14578
309,O14578
310,O14617-2
311,O14639-5
312,O14639-5
313,O14639-5
314,O14639-5
315,O14639-5
316,O14640
317,O14646-2
318,O14646-2
319,O14646-2
320,O14646-2
321,O14647
322,O14686
323,O14745
324,O14776
325,O14777
326,O14795
327,O14828
328,O14879
329,O14907
330,O14920
331,O14936-3
332,O14950
333,O14950
334,O14965
335,O14974
336,O14974
337,O14974
338,O14974
339,O14974
340,O14978
341,O14979
342,O14980
343,O14980
344,O14980
345,O14981
346,O15013
347,O15014
348,O15014
349,O15014
350,O15020
351,O15027-5
352,O15042
353,O15042
354,O15047
355,O15047
356,O15047
357,O15067
358,O15084
359,O15085
360,O15085
361,O15085
362,O15143
363,O15155
364,O15156
365,O15164
366,O15164
367,O15173
368,O15173
369,O15173
370,O15173
371,O15213
372,O15231
373,O15234
374,O15234
375,O15258
376,O15320
377,O15320
378,O15320
379,O15320
380,O15320
381,O15372
382,O15381
383,O15381
384,O15381
385,O15381
386,O15381
387,O15409
388,O15417
389,O15417
390,O15427
391,O15427
392,O15427
393,O15431
394,O15439
395,O15440
396,O15446
397,O15446
398,O15446
399,O15446
400,O15446
401,O15498
402,O15504
403,O15504
404,O15530
405,O15530
406,O15534
407,O15541
408,O15541
409,O15541
410,O43150
411,O43156
412,O43159
413,O43159
414,O43159
415,O43159
416,O43159
417,O43175
418,O43189
419,O43237
420,O43237
421,O43237
422,O43290
423,O43290
424,O43301
425,O43306
426,O43318
427,O43318
428,O43379
429,O43379
430,O43395
431,O43395
432,O43395
433,O43399-2
434,O43399-2
435,O43399-2
436,O43426
437,O43426
438,O43426
439,O43426
440,O43426
441,O43432
442,O43463
443,O43491
444,O43491
445,O43491
446,O43491
447,O43491
448,O43491
449,O43491
450,O43491
451,O43491
452,O43493
453,O43572
454,O43572
455,O43583
456,O43598
457,O43663
458,O43663
459,O43663
460,O43663
461,O43665-3
462,O43683
463,O43683
464,O43683
465,O43683
466,O43683
467,O43683
468,O43683
469,O43707
470,O43719
471,O43719
472,O43741
473,O43765
474,O43765
475,O43815
476,O43815
477,O43847
478,O43847
479,O43847
480,O43852
481,O43852
482,O43896
483,O43896
484,O43896
485,O60231
486,O60231
487,O60231
488,O60239
489,O60244
490,O60244
491,O60256
492,O60264
493,O60264
494,O60264
495,O60264
496,O60271
497,O60271
498,O60271
499,O60271
500,O60271
501,O60271
502,O60271
503,O60271
504,O60271
505,O60291-3
506,O60291-3
507,O60293
508,O60293
509,O60293
510,O60293
511,O60318
512,O60341
513,O60343
514,O60343
515,O60346
516,O60353
517,O60488
518,O60493
519,O60499
520,O60499
521,O60502
522,O60503
523,O60504-2
524,O60504-2
525,O60504-2
526,O60504-2
527,O60504-2
528,O60524
529,O60524
530,O60566
531,O60566
532,O60566
533,O60573
534,O60610
535,O60716-3
536,O60716-3
537,O60716-3
538,O60716-3
539,O60716-3
540,O60716-3
541,O60716-3
542,O60716-3
543,O60716-3
544,O60716-3
545,O60749
546,O60749
547,O60784
548,O60825
549,O60825
550,O60825
551,O60825
552,O60828
553,O60832
554,O60832
555,O60832
556,O60832
557,O60832
558,O60832
559,O60841
560,O60841
561,O60841
562,O60841
563,O60841
564,O60841
565,O60841
566,O60841
567,O60841
568,O60841
569,O60841
570,O60841
571,O60885
572,O60885
573,O60885
574,O60930
575,O60934
576,O60934
577,O60936-2
578,O75030
579,O75044
580,O75052
581,O75113
582,O75116
583,O75128
584,O75128
585,O75128
586,O75128
587,O75128
588,O75131
589,O75147
590,O75151
591,O75152
592,O75152
593,O75152
594,O75152
595,O75152
596,O75153
597,O75170-2
598,O75170-2
599,O75179
600,O75179
601,O75179
602,O75179
603,O75182
604,O75190
605,O75362
606,O75362
607,O75362
608,O75369-8
609,O75369-8
610,O75369-8
611,O75369-8
612,O75369-8
613,O75369-8
614,O75369-8
615,O75369-8
616,O75369-8
617,O75369-8
618,O75369-8
619,O75369-8
620,O75369-8
621,O75376
622,O75376
623,O75376
624,O75376
625,O75376
626,O75376
627,O75376
628,O75376
629,O75376
630,O75376
631,O75376
632,O75376
633,O75381
634,O75382
635,O75382
636,O75391
637,O75391
638,O75396
639,O75400
640,O75400
641,O75400
642,O75427
643,O75448
644,O75448
645,O75449
646,O75475
647,O75475
648,O75475
649,O75494-3
650,O75494-3
651,O75494-3
652,O75494-3
653,O75533
654,O75533
655,O75533
656,O75533
657,O75533
658,O75533
659,O75533
660,O75533
661,O75533
662,O75533
663,O75533
664,O75533
665,O75533
666,O75533
667,O75533
668,O75533
669,O75534
670,O75534
671,O75569
672,O75592
673,O75592
674,O75616
675,O75643
676,O75674
677,O75683
678,O75683
679,O75683
680,O75691
681,O75694
682,O75717
683,O75781
684,O75781
685,O75781
686,O75781
687,O75781
688,O75815
689,O75815
690,O75815
691,O75815
692,O75815
693,O75815
694,O75815
695,O75815
696,O75815
697,O75815
698,O75821
699,O75821
700,O75822
701,O75822
702,O75909-1
703,O75909-1
704,O75925
705,O75940
706,O75962
707,O75962
708,O75962
709,O75970
710,O76021
711,O76021
712,O76021
713,O76021
714,O76021
715,O76021
716,O76094
717,O94762
718,O94762
719,O94776
720,O94776
721,O94782
722,O94782
723,O94804
724,O94804
725,O94806
726,O94826
727,O94842
728,O94876
729,O94880
730,O94888
731,O94888
732,O94913
733,O94913
734,O94915
735,O94915
736,O94916
737,O94916
738,O94964-2
739,O94967
740,O94979
741,O94979
742,O94979
743,O95067
744,O95071
745,O95071
746,O95071
747,O95149
748,O95155
749,O95155
750,O95155
751,O95163
752,O95218-2
753,O95218-2
754,O95218-2
755,O95218-2
756,O95218-2
757,O95218-2
758,O95218-2
759,O95218-2
760,O95219
761,O95235
762,O95235
763,O95235
764,O95235
765,O95239
766,O95239
767,O95239
768,O95239
769,O95239
770,O95239
771,O95248
772,O95251
773,O95251
774,O95251
775,O95292
776,O95292
777,O95292
778,O95295
779,O95297
780,O95297
781,O95297
782,O95297
783,O95365
784,O95365
785,O95365
786,O95394
787,O95400
788,O95400
789,O95402
790,O95402
791,O95402
792,O95405
793,O95425
794,O95425
795,O95433
796,O95453
797,O95453
798,O95478
799,O95544
800,O95573
801,O95639
802,O95671
803,O95674
804,O95677
805,O95677
806,O95696-2
807,O95714
808,O95714
809,O95714
810,O95747
811,O95817
812,O95817
813,O95817
814,O95817
815,O95817
816,O95817
817,O95831
818,O95835
819,O95873
820,O95983
821,O95997
822,O96007
823,O96013
824,O96019
825,O96028
826,O96028
827,O96028
828,P00441
829,P00519-2
830,P00519-2
831,P00519-2
832,P00533
833,P00533
834,P00533
835,P00533
836,P00533
837,P00558
838,P01892
839,P02545
840,P02545
841,P02545
842,P02545
843,P02545
844,P02545
845,P02545
846,P02545
847,P02545
848,P02545
849,P02545
850,P02545
851,P02545
852,P02786
853,P04083
854,P04150
855,P04150
856,P04183
857,P04406
858,P04406
859,P04406
860,P04626
861,P04626
862,P04792
863,P04792
864,P04792
865,P04920
866,P04920
867,P04920
868,P04920
869,P04920
870,P05023
871,P05114
872,P05114
873,P05187
874,P05362
875,P05362
876,P05387
877,P05387
878,P05387
879,P05388
880,P05388
881,P05455
882,P05455
883,P06400
884,P06400
885,P06400
886,P06400
887,P06400
888,P06400
889,P06400
890,P06493
891,P06493
892,P06733
893,P06744
894,P06744
895,P06748
896,P06748
897,P06748
898,P06748
899,P06748
900,P06748
901,P07355
902,P07355
903,P07355
904,P07355
905,P07814
906,P07910-2
907,P07910-2
908,P07910-2
909,P07948
910,P08238
911,P08559
912,P08559
913,P08581
914,P08581
915,P08621
916,P08621
917,P08651
918,P08670
919,P08670
920,P08670
921,P08670
922,P08670
923,P08670
924,P08670
925,P08670
926,P08670
927,P08670
928,P08708
929,P09012
930,P09234
931,P09234
932,P09234
933,P09496-2
934,P09601
935,P09651
936,P09651
937,P09651
938,P09661
939,P09874
940,P09874
941,P09884
942,P09884
943,P0C1Z6
944,P0C7T5
945,P0DJD0
946,P10412
947,P10412
948,P10644
949,P10809
950,P11166
951,P11166
952,P11171
953,P11172-2
954,P11274
955,P11387
956,P11387
957,P11388
958,P11388
959,P11388
960,P11388
961,P11532-5
962,P11717
963,P11717
964,P11717
965,P11831
966,P11940
967,P11940
968,P12268
969,P12270
970,P12270
971,P12270
972,P12270
973,P12270
974,P12270
975,P12270
976,P12270
977,P12956
978,P13051
979,P13051
980,P13051
981,P13051
982,P13056
983,P13056
984,P13489
985,P13639
986,P13639
987,P13639
988,P13760
989,P13760
990,P13797
991,P13797
992,P13798
993,P13861
994,P13861
995,P13861
996,P13861
997,P13861
998,P14618
999,P14866
1000,P15056
1001,P15056
1002,P15056
1003,P15408
1004,P15408
1005,P15408
1006,P15408
1007,P15531
1008,P15822
1009,P15880
1010,P15924
1011,P15924
1012,P15924
1013,P15924
1014,P15924
1015,P15924
1016,P16070-16
1017,P16333
1018,P16333
1019,P16333
1020,P16333
1021,P16401
1022,P16401
1023,P16591
1024,P16615
1025,P16615
1026,P16949
1027,P16949
1028,P16949
1029,P16949
1030,P17028
1031,P17028
1032,P17029
1033,P17040
1034,P17096
1035,P17096
1036,P17096
1037,P17096-2
1038,P17252
1039,P17480
1040,P17535
1041,P17544-2
1042,P17544-2
1043,P17544-2
1044,P17706
1045,P17706
1046,P17812
1047,P17812
1048,P17812
1049,P17987
1050,P18031
1051,P18031
1052,P18124
1053,P18206
1054,P18206
1055,P18583-5
1056,P18583-5
1057,P18583-5
1058,P18583-5
1059,P18583-5
1060,P18583-5
1061,P18583-5
1062,P18583-5
1063,P18583-5
1064,P18615
1065,P18615
1066,P18615
1067,P18615
1068,P18621
1069,P18669
1070,P18669
1071,P18669
1072,P18846
1073,P18858
1074,P18858
1075,P18858
1076,P18858
1077,P18858
1078,P18858
1079,P18858
1080,P18858
1081,P18887
1082,P18887
1083,P18887
1084,P18887
1085,P18887
1086,P18887
1087,P18887
1088,P19174-2
1089,P19338
1090,P19338
1091,P19338
1092,P19338
1093,P19338
1094,P19338
1095,P19634
1096,P19634
1097,P19838
1098,P20020
1099,P20020
1100,P20020
1101,P20020
1102,P20020
1103,P20020
1104,P20042
1105,P20042
1106,P20042
1107,P20340
1108,P20700
1109,P20700
1110,P20700
1111,P20700
1112,P20700
1113,P21127
1114,P21127
1115,P21127
1116,P21127
1117,P21127
1118,P21127
1119,P21291
1120,P21333
1121,P21333
1122,P21333
1123,P21333
1124,P21333
1125,P21333
1126,P21333
1127,P21333
1128,P21359
1129,P21359
1130,P21359
1131,P21583
1132,P21796
1133,P21796
1134,P22059
1135,P22059
1136,P22059
1137,P22059
1138,P22059
1139,P22059
1140,P22059
1141,P22087
1142,P22234
1143,P22234
1144,P22314
1145,P22626
1146,P22626
1147,P22626
1148,P22626
1149,P22681
1150,P22681
1151,P23193
1152,P23246
1153,P23246
1154,P23246
1155,P23246
1156,P23396
1157,P23396
1158,P23396
1159,P23443
1160,P23443
1161,P23497
1162,P23497
1163,P23921
1164,P24534
1165,P24534
1166,P24941
1167,P25054
1168,P25054
1169,P25054
1170,P25205
1171,P25205
1172,P25440
1173,P25440
1174,P25440
1175,P25445
1176,P25490
1177,P25490
1178,P25786
1179,P25789
1180,P26232
1181,P26232
1182,P26358-2
1183,P26368
1184,P26639
1185,P26641
1186,P27448
1187,P27448
1188,P27707
1189,P27708
1190,P27708
1191,P27824
1192,P28066
1193,P28066
1194,P28290
1195,P28290
1196,P28290
1197,P28290
1198,P28290
1199,P28715
1200,P28715
1201,P28715
1202,P29372
1203,P29372
1204,P29372
1205,P29401
1206,P29401
1207,P29692-2
1208,P29692-2
1209,P29692-2
1210,P29966
1211,P29966
1212,P29966
1213,P29966
1214,P29966
1215,P29966
1216,P29966
1217,P29966
1218,P29966
1219,P29966
1220,P30050
1221,P30086
1222,P30260
1223,P30260
1224,P30260
1225,P30260
1226,P30414
1227,P30419
1228,P30622
1229,P30622
1230,P30622
1231,P30622
1232,P30622
1233,P30622
1234,P30622
1235,P31321
1236,P31350
1237,P31689
1238,P31689
1239,P31689
1240,P31942
1241,P31943
1242,P31943
1243,P32004-2
1244,P32004-2
1245,P32004-2
1246,P32322
1247,P32519
1248,P32519
1249,P33316
1250,P33316
1251,P33981
1252,P33981
1253,P33981
1254,P33981
1255,P33981
1256,P33981
1257,P33991
1258,P33993
1259,P33993
1260,P34932
1261,P34932
1262,P34932
1263,P35221
1264,P35221
1265,P35221
1266,P35269
1267,P35269
1268,P35269
1269,P35269
1270,P35269
1271,P35269
1272,P35579
1273,P35579
1274,P35579
1275,P35579
1276,P35580-2
1277,P35580-2
1278,P35580-2
1279,P35606
1280,P35611
1281,P35611
1282,P35613
1283,P35658-4
1284,P35658-4
1285,P35658-4
1286,P35658-4
1287,P36507
1288,P36578
1289,P36578
1290,P36871
1291,P36871
1292,P36941
1293,P36941
1294,P37287
1295,P37802
1296,P38159
1297,P38159
1298,P38159
1299,P38159
1300,P38159
1301,P38159
1302,P38159
1303,P38159
1304,P38398
1305,P38432
1306,P38432
1307,P38432
1308,P38432
1309,P38432
1310,P38919
1311,P39023
1312,P39880
1313,P39880
1314,P40121
1315,P40189
1316,P40222
1317,P40222
1318,P40306
1319,P40425
1320,P40763
1321,P40818
1322,P40818
1323,P40818
1324,P40818
1325,P40818
1326,P40818
1327,P40855
1328,P40939
1329,P41208
1330,P41214
1331,P41227
1332,P41252
1333,P42166
1334,P42166
1335,P42166
1336,P42167
1337,P42167
1338,P42167
1339,P42167
1340,P42167
1341,P42167
1342,P42167
1343,P42167
1344,P42167
1345,P42167
1346,P42167
1347,P42167
1348,P42167
1349,P42167
1350,P42167
1351,P42167
1352,P42167
1353,P42345
1354,P42356
1355,P42566
1356,P42566
1357,P42566
1358,P42568
1359,P42568
1360,P42575
1361,P42677
1362,P42679
1363,P42694
1364,P42695
1365,P42695
1366,P42695
1367,P42695
1368,P42702
1369,P42702
1370,P42702
1371,P42702
1372,P42702
1373,P42858
1374,P42858
1375,P42858
1376,P43003
1377,P43121
1378,P43121
1379,P43307
1380,P43307
1381,P43378
1382,P45880
1383,P45973
1384,P45974
1385,P45974
1386,P46013
1387,P46013
1388,P46013
1389,P46013
1390,P46013
1391,P46013
1392,P46013
1393,P46013
1394,P46013
1395,P46013
1396,P46013
1397,P46013
1398,P46013
1399,P46013
1400,P46013
1401,P46013
1402,P46013
1403,P46013
1404,P46013
1405,P46013
1406,P46013
1407,P46013
1408,P46013
1409,P46013
1410,P46013
1411,P46013
1412,P46013
1413,P46013
1414,P46013
1415,P46013
1416,P46013
1417,P46013
1418,P46013
1419,P46013
1420,P46013
1421,P46013
1422,P46013
1423,P46013
1424,P46013
1425,P46013
1426,P46013
1427,P46013
1428,P46013
1429,P46013
1430,P46013
1431,P46013
1432,P46013
1433,P46013
1434,P46013
1435,P46013
1436,P46013
1437,P46013
1438,P46013
1439,P46013
1440,P46013
1441,P46013
1442,P46013
1443,P46013
1444,P46013
1445,P46013
1446,P46013
1447,P46013
1448,P46013
1449,P46013
1450,P46013
1451,P46013
1452,P46013
1453,P46013
1454,P46013
1455,P46013
1456,P46013
1457,P46013
1458,P46013
1459,P46013
1460,P46013
1461,P46013
1462,P46013
1463,P46013
1464,P46013
1465,P46013
1466,P46013
1467,P46013
1468,P46013
1469,P46013
1470,P46013-2
1471,P46013-2
1472,P46013-2
1473,P46019
1474,P46063
1475,P46087
1476,P46087
1477,P46087
1478,P46087
1479,P46087
1480,P46087
1481,P46100
1482,P46100
1483,P46100
1484,P46100
1485,P46100
1486,P46100
1487,P46100
1488,P46100
1489,P46100
1490,P46100
1491,P46108
1492,P46379
1493,P46379
1494,P46379
1495,P46379
1496,P46379
1497,P46379
1498,P46734
1499,P46783
1500,P46934-4
1501,P46937
1502,P46937
1503,P46937
1504,P46937
1505,P46940
1506,P47712
1507,P47712
1508,P47736
1509,P47914
1510,P48067-3
1511,P48634
1512,P48634
1513,P48634
1514,P48634
1515,P48637
1516,P48651
1517,P48681
1518,P48681
1519,P48681
1520,P48730-2
1521,P48730-2
1522,P48960
1523,P49005
1524,P49006
1525,P49006
1526,P49023
1527,P49023
1528,P49023
1529,P49023
1530,P49116
1531,P49116
1532,P49116
1533,P49116
1534,P49321
1535,P49321
1536,P49321
1537,P49321-2
1538,P49321-2
1539,P49327
1540,P49327
1541,P49327
1542,P49327
1543,P49407
1544,P49407
1545,P49454
1546,P49454
1547,P49454
1548,P49454
1549,P49454
1550,P49454
1551,P49454
1552,P49454
1553,P49454
1554,P49454
1555,P49454
1556,P49454
1557,P49454
1558,P49454
1559,P49454
1560,P49454
1561,P49454
1562,P49454
1563,P49454
1564,P49454
1565,P49454
1566,P49454
1567,P49585
1568,P49585
1569,P49585
1570,P49585
1571,P49585
1572,P49585
1573,P49589-3
1574,P49643
1575,P49711
1576,P49736
1577,P49736
1578,P49736
1579,P49750-4
1580,P49756
1581,P49756
1582,P49756
1583,P49757
1584,P49759
1585,P49761
1586,P49768
1587,P49768
1588,P49790
1589,P49790
1590,P49790
1591,P49790
1592,P49790
1593,P49790
1594,P49790
1595,P49790
1596,P49790
1597,P49790
1598,P49790
1599,P49790
1600,P49790
1601,P49790
1602,P49790
1603,P49792
1604,P49792
1605,P49792
1606,P49792
1607,P49792
1608,P49792
1609,P49792
1610,P49792
1611,P49792
1612,P49792
1613,P49792
1614,P49792
1615,P49792
1616,P49792
1617,P49792
1618,P49792
1619,P49792
1620,P49815
1621,P49815
1622,P49841
1623,P49841
1624,P49915
1625,P49916
1626,P49916
1627,P50402
1628,P50402
1629,P50402
1630,P50402
1631,P50402
1632,P50502
1633,P50502
1634,P50502
1635,P50502
1636,P50552
1637,P50613
1638,P50613
1639,P50748
1640,P50748
1641,P50851
1642,P50851
1643,P51003
1644,P51003
1645,P51114
1646,P51116
1647,P51116
1648,P51116
1649,P51397
1650,P51397
1651,P51531
1652,P51531
1653,P51532-5
1654,P51608
1655,P51608
1656,P51608
1657,P51610
1658,P51610
1659,P51610
1660,P51610
1661,P51617
1662,P51692
1663,P51798
1664,P51798
1665,P51812
1666,P51812
1667,P51812
1668,P51858
1669,P51858
1670,P51858
1671,P51858
1672,P51858
1673,P51946
1674,P51991
1675,P52272
1676,P52292
1677,P52292
1678,P52292
1679,P52292
1680,P52298
1681,P52594
1682,P52594
1683,P52594
1684,P52597
1685,P52597
1686,P52701
1687,P52701
1688,P52701
1689,P52732
1690,P52735-3
1691,P52747
1692,P52756
1693,P52948
1694,P52948
1695,P52948
1696,P52948
1697,P52948
1698,P52948
1699,P52948
1700,P52948
1701,P52948
1702,P52948
1703,P52948
1704,P52948
1705,P52948
1706,P52948
1707,P53350
1708,P53350
1709,P53367
1710,P53396
1711,P53396
1712,P53396
1713,P53621
1714,P53814
1715,P53814
1716,P53814
1717,P53814
1718,P53814
1719,P53814
1720,P53814
1721,P53814
1722,P53814
1723,P53985
1724,P53985
1725,P53999
1726,P53999
1727,P53999
1728,P54105
1729,P54132
1730,P54132
1731,P54136
1732,P54198
1733,P54259
1734,P54259
1735,P54278
1736,P54578
1737,P54725
1738,P54760
1739,P55010
1740,P55010
1741,P55081
1742,P55081
1743,P55081
1744,P55081
1745,P55081
1746,P55199
1747,P55199
1748,P55201
1749,P55201
1750,P55209
1751,P55265
1752,P55265
1753,P55265
1754,P55265
1755,P55317
1756,P55327
1757,P55327
1758,P55327
1759,P55809
1760,P55884
1761,P56181-2
1762,P56182
1763,P56192
1764,P56192
1765,P56211
1766,P56524
1767,P56524
1768,P56945
1769,P56945
1770,P57737
1771,P57740
1772,P57740
1773,P57740
1774,P57740
1775,P57740
1776,P58107
1777,P58107
1778,P60174
1779,P60228
1780,P60468
1781,P60842
1782,P60866
1783,P61006
1784,P61006
1785,P61073
1786,P61073
1787,P61073
1788,P61086
1789,P61247
1790,P61247
1791,P61978
1792,P61978
1793,P61978
1794,P62070-3
1795,P62136
1796,P62140
1797,P62258
1798,P62316
1799,P62491
1800,P62491
1801,P62750
1802,P62753
1803,P62753
1804,P62753
1805,P62829
1806,P62910
1807,P62942
1808,P62995
1809,P62995
1810,P62995
1811,P62995
1812,P62995
1813,P62995
1814,P63000-2
1815,P63104
1816,P67809
1817,P68363
1818,P68366
1819,P68371
1820,P78310
1821,P78310
1822,P78316
1823,P78317
1824,P78317
1825,P78317
1826,P78332
1827,P78344
1828,P78344
1829,P78344
1830,P78345
1831,P78346
1832,P78347
1833,P78347
1834,P78347
1835,P78362
1836,P78527
1837,P78537
1838,P78549
1839,P80723
1840,P80723
1841,P80723
1842,P80723
1843,P82094
1844,P82094
1845,P82970
1846,P82979
1847,P83731
1848,P84022
1849,P84157
1850,P85037
1851,P85037
1852,P85037
1853,P85037
1854,P85037
1855,P85037
1856,P85037
1857,P85037
1858,P85037
1859,P98082
1860,P98082
1861,P98082
1862,P98082
1863,P98082
1864,P98170
1865,P98171
1866,P98171
1867,P98171
1868,P98171
1869,P98171
1870,P98174
1871,P98174
1872,P98174
1873,P98175-2
1874,P98175-2
1875,P98175-2
1876,P98175-2
1877,P98175-2
1878,P98179
1879,Q00341
1880,Q00403
1881,Q00536
1882,Q00536
1883,Q00587
1884,Q00587
1885,Q00587
1886,Q00587
1887,Q00653-4
1888,Q00653-4
1889,Q00653-4
1890,Q00688
1891,Q00688
1892,Q00839
1893,Q00839
1894,Q00839
1895,Q01082
1896,Q01082
1897,Q01082
1898,Q01082
1899,Q01082
1900,Q01085
1901,Q01105
1902,Q01105-2
1903,Q01130
1904,Q01130
1905,Q01130
1906,Q01130
1907,Q01151
1908,Q01151
1909,Q01167
1910,Q01167
1911,Q01201
1912,Q01201
1913,Q01433
1914,Q01518
1915,Q01518
1916,Q01581
1917,Q01650
1918,Q01664
1919,Q01780
1920,Q01804
1921,Q01804
1922,Q01804
1923,Q01813
1924,Q01813
1925,Q01831
1926,Q01974
1927,Q02241-2
1928,Q02241-2
1929,Q02241-2
1930,Q02750
1931,Q02880
1932,Q02880
1933,Q02880
1934,Q02880
1935,Q02880
1936,Q02880
1937,Q03164
1938,Q03164
1939,Q03164
1940,Q03252
1941,Q03393
1942,Q03468
1943,Q03468
1944,Q03468
1945,Q03468
1946,Q04637-3
1947,Q04637-3
1948,Q04637-3
1949,Q04637-3
1950,Q04695
1951,Q04721
1952,Q04721
1953,Q04721
1954,Q04721
1955,Q05209
1956,Q05209
1957,Q05209
1958,Q05209
1959,Q05209
1960,Q05209
1961,Q05397
1962,Q05397
1963,Q05519
1964,Q05655
1965,Q05682-5
1966,Q05682-5
1967,Q05682-5
1968,Q05D32
1969,Q05D32
1970,Q06210
1971,Q06265
1972,Q06265
1973,Q06587
1974,Q07020
1975,Q07021
1976,Q07157
1977,Q07157
1978,Q07157
1979,Q07157
1980,Q07157
1981,Q07157-2
1982,Q07666
1983,Q07666
1984,Q07666
1985,Q07666
1986,Q07866-4
1987,Q07866-4
1988,Q07866-4
1989,Q07866-4
1990,Q07866-4
1991,Q07889
1992,Q07889
1993,Q07955
1994,Q07955
1995,Q07955
1996,Q07960
1997,Q08357
1998,Q08379
1999,Q08379
2000,Q08499
2001,Q08499
2002,Q08945
2003,Q08AD1-2
2004,Q08AD1-2
2005,Q08AD1-2
2006,Q08AD1-2
2007,Q08AD1-2
2008,Q08AD1-2
2009,Q08AD1-2
2010,Q08AD1-2
2011,Q08AD1-2
2012,Q08AD1-2
2013,Q08J23
2014,Q08J23
2015,Q08J23
2016,Q08J23
2017,Q09161
2018,Q09161
2019,Q09472
2020,Q09666
2021,Q09666
2022,Q09666
2023,Q09666
2024,Q09666
2025,Q09666
2026,Q09666
2027,Q09666
2028,Q09666
2029,Q09666
2030,Q09666
2031,Q09666
2032,Q09666
2033,Q09666
2034,Q09666
2035,Q09666
2036,Q09666
2037,Q09666
2038,Q09666
2039,Q09666
2040,Q09666
2041,Q09666
2042,Q09666
2043,Q09666
2044,Q09666
2045,Q09666
2046,Q09666
2047,Q09666
2048,Q09666
2049,Q09666
2050,Q09666
2051,Q09666
2052,Q09666
2053,Q09666
2054,Q0JRZ9
2055,Q0JRZ9
2056,Q0JRZ9
2057,Q0JRZ9
2058,Q0JRZ9
2059,Q10570
2060,Q10570
2061,Q12768
2062,Q12769
2063,Q12774
2064,Q12774
2065,Q12774
2066,Q12774
2067,Q12774
2068,Q12789
2069,Q12792
2070,Q12802
2071,Q12802
2072,Q12802
2073,Q12802
2074,Q12802
2075,Q12802
2076,Q12815
2077,Q12815
2078,Q12815
2079,Q12830
2080,Q12830
2081,Q12830
2082,Q12830
2083,Q12830
2084,Q12834
2085,Q12846
2086,Q12857
2087,Q12872
2088,Q12873
2089,Q12873
2090,Q12873
2091,Q12888
2092,Q12888
2093,Q12888
2094,Q12888
2095,Q12888
2096,Q12888
2097,Q12888
2098,Q12888
2099,Q12888
2100,Q12888
2101,Q12888
2102,Q12888
2103,Q12888
2104,Q12888
2105,Q12888
2106,Q12888
2107,Q12888
2108,Q12888
2109,Q12888
2110,Q12888
2111,Q12888
2112,Q12888
2113,Q12888
2114,Q12888
2115,Q12888
2116,Q12888
2117,Q12888
2118,Q12888
2119,Q12888
2120,Q12888
2121,Q12926
2122,Q12948
2123,Q12948
2124,Q12948
2125,Q12959-2
2126,Q12959-2
2127,Q12959-2
2128,Q12959-2
2129,Q12965
2130,Q12965
2131,Q12982
2132,Q12986
2133,Q12986
2134,Q12986
2135,Q13017
2136,Q13017
2137,Q13017
2138,Q13042
2139,Q13045
2140,Q13045-2
2141,Q13049
2142,Q13049
2143,Q13057-2
2144,Q13085
2145,Q13085
2146,Q13098
2147,Q13098
2148,Q13098
2149,Q13111
2150,Q13111
2151,Q13111
2152,Q13111
2153,Q13111
2154,Q13112
2155,Q13112
2156,Q13112
2157,Q13112
2158,Q13112
2159,Q13112
2160,Q13112
2161,Q13131
2162,Q13136
2163,Q13137
2164,Q13144
2165,Q13148
2166,Q13177
2167,Q13177
2168,Q13177
2169,Q13185
2170,Q13200
2171,Q13200
2172,Q13233
2173,Q13242
2174,Q13242
2175,Q13243
2176,Q13247
2177,Q13263
2178,Q13263
2179,Q13263
2180,Q13263
2181,Q13263
2182,Q13283
2183,Q13286
2184,Q13309
2185,Q13310-3
2186,Q13322
2187,Q13322
2188,Q13330
2189,Q13330
2190,Q13330
2191,Q13330
2192,Q13330
2193,Q13409
2194,Q13409
2195,Q13416
2196,Q13416
2197,Q13416
2198,Q13425
2199,Q13425
2200,Q13425
2201,Q13425
2202,Q13425
2203,Q13427
2204,Q13427
2205,Q13427
2206,Q13427
2207,Q13428-7
2208,Q13428-7
2209,Q13428-7
2210,Q13428-7
2211,Q13428-7
2212,Q13428-7
2213,Q13428-7
2214,Q13428-7
2215,Q13428-7
2216,Q13428-7
2217,Q13428-7
2218,Q13435
2219,Q13435
2220,Q13435
2221,Q13439
2222,Q13439
2223,Q13439
2224,Q13439
2225,Q13442
2226,Q13443
2227,Q13443
2228,Q13451
2229,Q13459
2230,Q13459
2231,Q13459
2232,Q13459
2233,Q13496
2234,Q13501
2235,Q13501
2236,Q13501
2237,Q13501
2238,Q13501
2239,Q13501
2240,Q13501
2241,Q13501
2242,Q13501
2243,Q13501
2244,Q13509
2245,Q13523
2246,Q13523
2247,Q13523
2248,Q13523
2249,Q13523
2250,Q13526
2251,Q13541
2252,Q13541
2253,Q13541
2254,Q13541
2255,Q13547
2256,Q13547
2257,Q13547
2258,Q13561
2259,Q13573
2260,Q13573
2261,Q13586
2262,Q13586
2263,Q13586
2264,Q13586
2265,Q13595
2266,Q13596
2267,Q13610
2268,Q13610
2269,Q13610
2270,Q13615
2271,Q13615
2272,Q13625
2273,Q13636
2274,Q13671
2275,Q13702
2276,Q13769
2277,Q13769
2278,Q13769
2279,Q13813
2280,Q13838
2281,Q13868
2282,Q13884
2283,Q13951-2
2284,Q13951-2
2285,Q14004
2286,Q14004
2287,Q14008
2288,Q14103
2289,Q14103
2290,Q14103
2291,Q14103
2292,Q14103
2293,Q14118
2294,Q14118
2295,Q14126
2296,Q14134
2297,Q14134
2298,Q14134
2299,Q14135
2300,Q14135
2301,Q14137
2302,Q14149
2303,Q14151
2304,Q14152
2305,Q14153
2306,Q14155-1
2307,Q14157-1
2308,Q14157-1
2309,Q14157-1
2310,Q14157-1
2311,Q14157-1
2312,Q14157-1
2313,Q14157-1
2314,Q14157-1
2315,Q14157-1
2316,Q14157-1
2317,Q14157-1
2318,Q14160-2
2319,Q14160-2
2320,Q14160-2
2321,Q14160-2
2322,Q14160-2
2323,Q14160-2
2324,Q14160-2
2325,Q14160-2
2326,Q14160-2
2327,Q14160-2
2328,Q14160-2
2329,Q14160-2
2330,Q14160-2
2331,Q14160-2
2332,Q14181
2333,Q14181
2334,Q14185
2335,Q14186
2336,Q14191
2337,Q14202
2338,Q14203
2339,Q14204
2340,Q14241
2341,Q14244
2342,Q14244
2343,Q14244
2344,Q14244
2345,Q14244
2346,Q14244
2347,Q14244
2348,Q14244
2349,Q14244
2350,Q14244
2351,Q14244
2352,Q14244
2353,Q14244
2354,Q14247
2355,Q14247
2356,Q14247
2357,Q14247
2358,Q14247
2359,Q14258
2360,Q14320
2361,Q14498
2362,Q14498
2363,Q14498
2364,Q14498
2365,Q14542
2366,Q14562
2367,Q14566
2368,Q14571
2369,Q14573
2370,Q14671
2371,Q14671
2372,Q14671
2373,Q14674
2374,Q14676
2375,Q14676
2376,Q14676
2377,Q14676
2378,Q14676
2379,Q14676
2380,Q14676
2381,Q14676
2382,Q14676
2383,Q14676
2384,Q14676
2385,Q14676
2386,Q14676
2387,Q14676
2388,Q14676
2389,Q14676
2390,Q14676
2391,Q14676
2392,Q14676
2393,Q14677-3
2394,Q14677-3
2395,Q14677-3
2396,Q14678
2397,Q14680
2398,Q14680
2399,Q14680
2400,Q14680
2401,Q14683
2402,Q14684
2403,Q14684
2404,Q14684
2405,Q14684
2406,Q14684
2407,Q14684
2408,Q14684
2409,Q14687
2410,Q14687
2411,Q14687
2412,Q14689
2413,Q14694-2
2414,Q14694-2
2415,Q14694-2
2416,Q14694-2
2417,Q14738
2418,Q14738
2419,Q14738
2420,Q14738
2421,Q14781
2422,Q14789
2423,Q14789
2424,Q14789
2425,Q14789
2426,Q14789
2427,Q14789
2428,Q147X3
2429,Q147X3
2430,Q147X3
2431,Q147X3
2432,Q147X3
2433,Q14807
2434,Q14807
2435,Q14807
2436,Q14807
2437,Q14807
2438,Q14807
2439,Q14814
2440,Q14814
2441,Q14814
2442,Q14839
2443,Q14839
2444,Q14839
2445,Q14839
2446,Q14847
2447,Q14847
2448,Q14847
2449,Q14847
2450,Q14865
2451,Q14966
2452,Q14966
2453,Q14966
2454,Q14966
2455,Q14966
2456,Q14974
2457,Q14978
2458,Q14978
2459,Q14978
2460,Q14978
2461,Q14978
2462,Q14978
2463,Q14978
2464,Q14978
2465,Q14978
2466,Q14978
2467,Q14978
2468,Q14980
2469,Q14980
2470,Q14980
2471,Q14980
2472,Q14980
2473,Q14980
2474,Q14980
2475,Q14980
2476,Q14980
2477,Q14980
2478,Q14980
2479,Q14980
2480,Q14980
2481,Q14980
2482,Q14C86-6
2483,Q14C86-6
2484,Q14C86-6
2485,Q14C86-6
2486,Q14C86-6
2487,Q14C86-6
2488,Q14C86-6
2489,Q14C86-6
2490,Q14C86-6
2491,Q14C86-6
2492,Q14C86-6
2493,Q14CB8
2494,Q15003
2495,Q15003
2496,Q15003
2497,Q15003
2498,Q15007
2499,Q15018
2500,Q15019
2501,Q15021
2502,Q15021
2503,Q15021
2504,Q15021
2505,Q15032-2
2506,Q15032-2
2507,Q15047
2508,Q15056
2509,Q15056
2510,Q15057
2511,Q15057
2512,Q15058
2513,Q15058
2514,Q15059
2515,Q15059
2516,Q15061
2517,Q15067
2518,Q15121
2519,Q15149
2520,Q15149
2521,Q15149
2522,Q15149
2523,Q15149
2524,Q15149
2525,Q15149
2526,Q15149
2527,Q15149
2528,Q15149
2529,Q15149
2530,Q15149-2
2531,Q15149-4
2532,Q15154
2533,Q15154
2534,Q15154
2535,Q15154
2536,Q15154
2537,Q15233
2538,Q15293
2539,Q15365
2540,Q15365
2541,Q15365
2542,Q15365
2543,Q15365
2544,Q15366
2545,Q15366-6
2546,Q15390
2547,Q15393
2548,Q15398
2549,Q15398
2550,Q15398
2551,Q15398
2552,Q15398
2553,Q15398
2554,Q15398
2555,Q15398
2556,Q15398
2557,Q15418
2558,Q15418
2559,Q15424
2560,Q15424
2561,Q15424
2562,Q15424
2563,Q15424
2564,Q15424
2565,Q15434
2566,Q15434
2567,Q15459
2568,Q15459
2569,Q15459
2570,Q15459
2571,Q15477
2572,Q15477
2573,Q15527
2574,Q15545
2575,Q15545
2576,Q15545
2577,Q15554
2578,Q15596
2579,Q15596
2580,Q15596
2581,Q15599
2582,Q15599
2583,Q15629
2584,Q15642
2585,Q15643
2586,Q15645
2587,Q15648
2588,Q15648
2589,Q15648
2590,Q15648
2591,Q15648
2592,Q15650
2593,Q15652
2594,Q15654
2595,Q15691
2596,Q15691
2597,Q15691
2598,Q15696
2599,Q15717
2600,Q15723-1
2601,Q15750
2602,Q15751
2603,Q15773
2604,Q15776
2605,Q15796
2606,Q15811
2607,Q15811
2608,Q15811
2609,Q15811
2610,Q15814
2611,Q15910
2612,Q15910
2613,Q15942
2614,Q15942
2615,Q15942
2616,Q15942
2617,Q15942
2618,Q15942
2619,Q15942
2620,Q15942
2621,Q15942
2622,Q15942
2623,Q15942
2624,Q15942
2625,Q15942
2626,Q16181
2627,Q16181
2628,Q16204
2629,Q16204
2630,Q16204
2631,Q16204
2632,Q16204
2633,Q16204
2634,Q16512
2635,Q16512
2636,Q16512
2637,Q16513
2638,Q16513
2639,Q16513
2640,Q16513
2641,Q16513
2642,Q16513
2643,Q16513
2644,Q16555
2645,Q16576
2646,Q16576
2647,Q16629
2648,Q16630
2649,Q16630
2650,Q16637
2651,Q16637
2652,Q16637
2653,Q16643
2654,Q16763
2655,Q1ED39
2656,Q1ED39
2657,Q1ED39
2658,Q1ED39
2659,Q29RF7
2660,Q29RF7
2661,Q29RF7
2662,Q29RF7
2663,Q29RF7
2664,Q2KHR3
2665,Q2KHR3
2666,Q2M2I8
2667,Q2M2I8
2668,Q2M2I8
2669,Q2M2I8
2670,Q2M3G4-2
2671,Q2M3G4-2
2672,Q2NKX8
2673,Q2NKX8
2674,Q2NKX8
2675,Q2NKX8
2676,Q32MZ4
2677,Q32MZ4
2678,Q32MZ4
2679,Q32MZ4
2680,Q32MZ4
2681,Q32MZ4
2682,Q32P44
2683,Q3KQU3
2684,Q3KQU3
2685,Q3KQU3
2686,Q3KQU3
2687,Q3KQU3
2688,Q3KQU3
2689,Q3KR37
2690,Q3KR37
2691,Q3KR37
2692,Q3KR37
2693,Q3L8U1
2694,Q3MII6
2695,Q3V6T2
2696,Q3ZCW2
2697,Q3ZCW2
2698,Q3ZCW2
2699,Q4G0J3
2700,Q4G0J3
2701,Q4KMP7
2702,Q4KMP7
2703,Q4LE39
2704,Q4LE39
2705,Q4V328
2706,Q504Y0
2707,Q52LW3
2708,Q52LW3
2709,Q53EL6
2710,Q53EL6
2711,Q53EL6
2712,Q53EL6
2713,Q53EL6
2714,Q53EP0
2715,Q53ET0
2716,Q53ET0
2717,Q53EZ4
2718,Q53EZ4
2719,Q53EZ4
2720,Q53EZ4
2721,Q53GA4
2722,Q53GL7
2723,Q53GT1
2724,Q53H47
2725,Q53H80
2726,Q53H80
2727,Q53HL2
2728,Q53HL2
2729,Q53LP3
2730,Q53SF7-4
2731,Q53SF7-4
2732,Q53SF7-4
2733,Q53SF7-4
2734,Q53SF7-4
2735,Q53SF7-4
2736,Q56P03
2737,Q56P03
2738,Q58WW2-2
2739,Q5BJD5
2740,Q5BKX6-3
2741,Q5BKZ1
2742,Q5BKZ1
2743,Q5BKZ1
2744,Q5BKZ1
2745,Q5F1R6
2746,Q5F1R6
2747,Q5F1R6
2748,Q5H9R7
2749,Q5H9R7
2750,Q5H9R7
2751,Q5HYI7
2752,Q5JPI9
2753,Q5JRA6
2754,Q5JSH3
2755,Q5JSH3
2756,Q5JSH3
2757,Q5JSH3
2758,Q5JSH3
2759,Q5JSH3
2760,Q5JSZ5
2761,Q5JSZ5
2762,Q5JSZ5
2763,Q5JSZ5
2764,Q5JSZ5
2765,Q5JSZ5
2766,Q5JSZ5
2767,Q5JSZ5
2768,Q5JTD0
2769,Q5JTD0
2770,Q5JTD0
2771,Q5JTD0
2772,Q5JTV8
2773,Q5JTV8
2774,Q5JTV8
2775,Q5JTV8
2776,Q5JTV8
2777,Q5JTV8
2778,Q5JTV8
2779,Q5M775
2780,Q5M775
2781,Q5M775
2782,Q5M775
2783,Q5M775
2784,Q5M775
2785,Q5M775
2786,Q5PRF9
2787,Q5PRF9
2788,Q5QJE6
2789,Q5QJE6
2790,Q5QJE6
2791,Q5QJE6
2792,Q5QJE6
2793,Q5SNT2
2794,Q5SRE5
2795,Q5SRE5
2796,Q5SRQ6
2797,Q5SSJ5
2798,Q5SSJ5
2799,Q5SSJ5
2800,Q5SSJ5
2801,Q5SW79
2802,Q5SW79
2803,Q5SW79
2804,Q5SW79
2805,Q5SW79
2806,Q5SW79
2807,Q5SYE7
2808,Q5T0N5
2809,Q5T0N5
2810,Q5T1M5
2811,Q5T1M5
2812,Q5T1M5
2813,Q5T1M5
2814,Q5T1M5
2815,Q5T200
2816,Q5T200
2817,Q5T200
2818,Q5T200
2819,Q5T200
2820,Q5T200
2821,Q5T200
2822,Q5T200
2823,Q5T200
2824,Q5T200
2825,Q5T2Z1
2826,Q5T2Z1
2827,Q5T3Y7
2828,Q5T4F4
2829,Q5T4S7
2830,Q5T4S7
2831,Q5T4S7
2832,Q5T4S7
2833,Q5T5U3
2834,Q5T5U3
2835,Q5T5U3
2836,Q5T5U3
2837,Q5T5U3
2838,Q5T5U3
2839,Q5T5Y3
2840,Q5T5Y3
2841,Q5T5Y3
2842,Q5T5Y3
2843,Q5T7V8
2844,Q5TBP9
2845,Q5TC82
2846,Q5TCX8
2847,Q5TCZ1
2848,Q5TCZ1
2849,Q5TCZ1
2850,Q5TCZ1
2851,Q5TCZ1
2852,Q5TCZ1
2853,Q5TCZ1
2854,Q5TCZ1
2855,Q5TDH0
2856,Q5TGL8
2857,Q5THJ4
2858,Q5TKA1
2859,Q5U4P2
2860,Q5UIP0
2861,Q5UIP0
2862,Q5UIP0
2863,Q5UIP0
2864,Q5UIP0
2865,Q5UIP0
2866,Q5UIP0
2867,Q5UIP0
2868,Q5UIP0
2869,Q5UIP0
2870,Q5UIP0
2871,Q5UIP0
2872,Q5UIP0
2873,Q5UIP0
2874,Q5UIP0
2875,Q5UIP0
2876,Q5UIP0
2877,Q5UIP0
2878,Q5UIP0
2879,Q5VSL9
2880,Q5VSL9
2881,Q5VT52
2882,Q5VT52
2883,Q5VT52
2884,Q5VT52
2885,Q5VT52
2886,Q5VT52
2887,Q5VT52
2888,Q5VT52
2889,Q5VT52
2890,Q5VTL8
2891,Q5VUA4
2892,Q5VUA4
2893,Q5VUA4
2894,Q5VUA4
2895,Q5VUA4
2896,Q5VUA4
2897,Q5VUA4
2898,Q5VV41
2899,Q5VV41
2900,Q5VV41
2901,Q5VV42
2902,Q5VWQ0
2903,Q5VWQ8
2904,Q5VYS8
2905,Q5VYS8
2906,Q5VZ89
2907,Q5VZK9
2908,Q5VZK9
2909,Q5VZK9
2910,Q5VZK9
2911,Q5VZK9
2912,Q5VZK9
2913,Q5VZK9
2914,Q5VZK9
2915,Q5VZK9
2916,Q5VZK9
2917,Q5VZK9
2918,Q5VZL5
2919,Q5VZL5
2920,Q63HN8
2921,Q63HN8
2922,Q63ZY3
2923,Q66K14
2924,Q66K74
2925,Q684P5
2926,Q68CP9
2927,Q68CQ4
2928,Q68CZ2
2929,Q68CZ2
2930,Q68CZ2
2931,Q68CZ2
2932,Q68CZ2
2933,Q68CZ2
2934,Q68CZ2
2935,Q68CZ2
2936,Q68CZ2
2937,Q68CZ2
2938,Q68D10
2939,Q68DK7
2940,Q68EM7
2941,Q69YH5
2942,Q69YH5
2943,Q69YH5
2944,Q69YH5
2945,Q69YH5
2946,Q69YH5
2947,Q69YN4
2948,Q69YN4
2949,Q69YN4
2950,Q69YN4
2951,Q69YQ0
2952,Q69YQ0
2953,Q6BDS2
2954,Q6DCA0
2955,Q6DD87
2956,Q6DD87
2957,Q6FI81
2958,Q6FI81
2959,Q6FI81
2960,Q6IAA8
2961,Q6ICG6
2962,Q6IE81
2963,Q6IN84
2964,Q6IN84
2965,Q6IN85
2966,Q6IQ22
2967,Q6IQ49
2968,Q6KC79
2969,Q6KC79
2970,Q6KC79
2971,Q6KC79
2972,Q6KC79
2973,Q6KC79
2974,Q6L8Q7
2975,Q6MZP7
2976,Q6MZP7
2977,Q6MZP7
2978,Q6MZP7
2979,Q6NUK4
2980,Q6NW34
2981,Q6NYC8
2982,Q6NYC8
2983,Q6NYC8
2984,Q6NYC8
2985,Q6NYC8
2986,Q6NZI2
2987,Q6NZY4
2988,Q6NZY4
2989,Q6NZY4
2990,Q6NZY4
2991,Q6P0N0
2992,Q6P1N0
2993,Q6P1N0
2994,Q6P1N0
2995,Q6P1N0
2996,Q6P1Q9
2997,Q6P1X5
2998,Q6P2E9
2999,Q6P2E9
3000,Q6P2H3
3001,Q6P3W7
3002,Q6P444
3003,Q6P4F7
3004,Q6P4F7
3005,Q6P4F7
3006,Q6P4F7
3007,Q6P4Q7
3008,Q6P6C2
3009,Q6P6C2
3010,Q6P6C2
3011,Q6P996
3012,Q6P996
3013,Q6PCB5
3014,Q6PCE3
3015,Q6PD62
3016,Q6PFW1
3017,Q6PID6
3018,Q6PII3
3019,Q6PJF5
3020,Q6PJF5
3021,Q6PJG2
3022,Q6PJG2
3023,Q6PJG2
3024,Q6PJG6
3025,Q6PJI9
3026,Q6PJP8
3027,Q6PJT7
3028,Q6PK04
3029,Q6PK81
3030,Q6PKG0
3031,Q6PKG0
3032,Q6PKG0
3033,Q6PKG0
3034,Q6PKG0
3035,Q6PKG0
3036,Q6PKG0
3037,Q6PKG0
3038,Q6R327
3039,Q6RFH5
3040,Q6SPF0
3041,Q6ULP2
3042,Q6UN15
3043,Q6UN15
3044,Q6UN15
3045,Q6UUV7
3046,Q6UUV7
3047,Q6UUV7
3048,Q6UVJ0
3049,Q6UVJ0
3050,Q6UWZ7
3051,Q6VMQ6
3052,Q6VMQ6
3053,Q6VN20
3054,Q6VY07
3055,Q6VY07
3056,Q6VY07
3057,Q6VY07
3058,Q6W2J9
3059,Q6W2J9
3060,Q6W2J9
3061,Q6WCQ1
3062,Q6WKZ4
3063,Q6WKZ4
3064,Q6WKZ4
3065,Q6WKZ4
3066,Q6XZF7
3067,Q6Y7W6
3068,Q6Y7W6
3069,Q6Y7W6
3070,Q6Y7W6
3071,Q6Y7W6
3072,Q6ZMB5
3073,Q6ZN18
3074,Q6ZN55
3075,Q6ZN55
3076,Q6ZNB6
3077,Q6ZNJ1
3078,Q6ZRI6
3079,Q6ZRS2
3080,Q6ZRV2
3081,Q6ZRV2
3082,Q6ZRV2
3083,Q6ZS17
3084,Q6ZS17
3085,Q6ZSZ5
3086,Q6ZUT9
3087,Q6ZUT9
3088,Q6ZVM7
3089,Q6ZVM7
3090,Q6ZW31
3091,Q6ZW31
3092,Q70E73
3093,Q70E73
3094,Q70E73
3095,Q70E73
3096,Q70E73
3097,Q70E73
3098,Q70E73
3099,Q71F56
3100,Q71RC2
3101,Q71RC2
3102,Q75N03
3103,Q765P7
3104,Q765P7
3105,Q765P7
3106,Q76FK4
3107,Q76FK4
3108,Q76FK4
3109,Q76L83
3110,Q76L83
3111,Q7KZ85
3112,Q7KZ85
3113,Q7KZ85
3114,Q7KZ85
3115,Q7KZ85
3116,Q7KZ85
3117,Q7KZF4
3118,Q7KZF4
3119,Q7KZF4
3120,Q7KZF4
3121,Q7KZI7-14
3122,Q7KZI7-14
3123,Q7KZI7-14
3124,Q7KZI7-14
3125,Q7KZI7-14
3126,Q7L1Q6-3
3127,Q7L2J0
3128,Q7L2J0
3129,Q7L2J0
3130,Q7L2J0
3131,Q7L2J0
3132,Q7L2J0
3133,Q7L4I2
3134,Q7L5N7
3135,Q7L7V1
3136,Q7L7X3
3137,Q7L9L4
3138,Q7LBC6
3139,Q7LBC6
3140,Q7RTP6
3141,Q7RTP6
3142,Q7RTP6
3143,Q7RTP6
3144,Q7Z2K6
3145,Q7Z2T5
3146,Q7Z2T5
3147,Q7Z2W4
3148,Q7Z2W4
3149,Q7Z2W4
3150,Q7Z2W4
3151,Q7Z2W4
3152,Q7Z2W4
3153,Q7Z2W4
3154,Q7Z2W4
3155,Q7Z2W4
3156,Q7Z2W4
3157,Q7Z309-4
3158,Q7Z333
3159,Q7Z333
3160,Q7Z333
3161,Q7Z333
3162,Q7Z3B3
3163,Q7Z3B3
3164,Q7Z3C6
3165,Q7Z3D6-5
3166,Q7Z3F1
3167,Q7Z3F1
3168,Q7Z3F1
3169,Q7Z3K3
3170,Q7Z3K3
3171,Q7Z3T8
3172,Q7Z3T8
3173,Q7Z3V4
3174,Q7Z417
3175,Q7Z417
3176,Q7Z417
3177,Q7Z417
3178,Q7Z417
3179,Q7Z417
3180,Q7Z417
3181,Q7Z422
3182,Q7Z422
3183,Q7Z422
3184,Q7Z434
3185,Q7Z434
3186,Q7Z434
3187,Q7Z460
3188,Q7Z478
3189,Q7Z478
3190,Q7Z4H7
3191,Q7Z4H7
3192,Q7Z4H7
3193,Q7Z4H7
3194,Q7Z4H7
3195,Q7Z4H7
3196,Q7Z4H7
3197,Q7Z4H7
3198,Q7Z4H7
3199,Q7Z4H7
3200,Q7Z4Q2
3201,Q7Z4S6
3202,Q7Z4V5
3203,Q7Z4V5
3204,Q7Z4V5
3205,Q7Z569
3206,Q7Z569
3207,Q7Z5J4
3208,Q7Z5J4
3209,Q7Z5J4
3210,Q7Z5K2
3211,Q7Z5K2
3212,Q7Z5K2
3213,Q7Z5K2
3214,Q7Z5K2
3215,Q7Z5L9
3216,Q7Z5L9
3217,Q7Z5L9
3218,Q7Z5L9
3219,Q7Z5L9
3220,Q7Z5L9
3221,Q7Z628
3222,Q7Z6B7
3223,Q7Z6B7
3224,Q7Z6B7
3225,Q7Z6E9
3226,Q7Z6E9
3227,Q7Z6E9
3228,Q7Z6E9
3229,Q7Z6E9
3230,Q7Z6E9
3231,Q7Z6E9
3232,Q7Z6I8
3233,Q7Z6J9
3234,Q7Z6J9
3235,Q7Z6M3
3236,Q7Z6Z7
3237,Q7Z6Z7
3238,Q7Z6Z7
3239,Q7Z6Z7
3240,Q7Z6Z7
3241,Q7Z6Z7
3242,Q7Z6Z7
3243,Q7Z6Z7
3244,Q7Z6Z7
3245,Q7Z6Z7
3246,Q7Z6Z7
3247,Q7Z7C8
3248,Q86SQ0
3249,Q86SQ0
3250,Q86T03-2
3251,Q86T82
3252,Q86T82
3253,Q86T82
3254,Q86TC9
3255,Q86TC9
3256,Q86TC9
3257,Q86TC9
3258,Q86TC9
3259,Q86TC9
3260,Q86TC9
3261,Q86TC9
3262,Q86TC9
3263,Q86TN4
3264,Q86U06
3265,Q86U06
3266,Q86U42
3267,Q86U44
3268,Q86U86
3269,Q86U86
3270,Q86U86
3271,Q86U86
3272,Q86U86
3273,Q86U86
3274,Q86U90
3275,Q86U90
3276,Q86UE4
3277,Q86UE4
3278,Q86UE4
3279,Q86UE4
3280,Q86UE4
3281,Q86UE4
3282,Q86UE4
3283,Q86UP2
3284,Q86UP2
3285,Q86UP2
3286,Q86UP2
3287,Q86UU0
3288,Q86UU0
3289,Q86UU0
3290,Q86UU0
3291,Q86UU0
3292,Q86UU0
3293,Q86UU0
3294,Q86UU0
3295,Q86UU1
3296,Q86UU1
3297,Q86UU1
3298,Q86UU1
3299,Q86UU1
3300,Q86UU1
3301,Q86UU1
3302,Q86UU1
3303,Q86UU1
3304,Q86V48
3305,Q86V48
3306,Q86V48
3307,Q86V48
3308,Q86V48
3309,Q86V48
3310,Q86V48
3311,Q86V48
3312,Q86V48
3313,Q86V81
3314,Q86V81
3315,Q86VM9
3316,Q86VM9
3317,Q86VM9
3318,Q86VM9
3319,Q86VM9
3320,Q86VM9
3321,Q86VM9
3322,Q86VQ1
3323,Q86VQ1
3324,Q86VQ1
3325,Q86VQ1
3326,Q86VQ1
3327,Q86W56
3328,Q86W92-2
3329,Q86WB0
3330,Q86WB0
3331,Q86WB0
3332,Q86WB0
3333,Q86WB0
3334,Q86WB0
3335,Q86WB0
3336,Q86WB0
3337,Q86WB0
3338,Q86WB0
3339,Q86WB0
3340,Q86WB0
3341,Q86WB0
3342,Q86WJ1
3343,Q86WR7
3344,Q86WR7
3345,Q86WR7
3346,Q86WR7
3347,Q86WR7
3348,Q86WR7
3349,Q86WR7
3350,Q86XJ1
3351,Q86XK3-2
3352,Q86XL3
3353,Q86XL3
3354,Q86XL3
3355,Q86XL3
3356,Q86XL3
3357,Q86XL3
3358,Q86XL3
3359,Q86XL3
3360,Q86XL3
3361,Q86XL3
3362,Q86XP3
3363,Q86XP3
3364,Q86XP3
3365,Q86Y07
3366,Q86Y91
3367,Q86Y91
3368,Q86Y91
3369,Q86YP4
3370,Q86YP4
3371,Q86YP4
3372,Q86YP4
3373,Q86YP4
3374,Q86YP4
3375,Q86YP4
3376,Q86YP4
3377,Q86YS7
3378,Q8IU60
3379,Q8IU81
3380,Q8IU81
3381,Q8IU81
3382,Q8IU85
3383,Q8IUD2
3384,Q8IUD2
3385,Q8IUD2
3386,Q8IV50
3387,Q8IVD9
3388,Q8IVF2
3389,Q8IVH2
3390,Q8IVH2
3391,Q8IVL1
3392,Q8IVT2
3393,Q8IVT2
3394,Q8IVT2
3395,Q8IVT2
3396,Q8IVT2
3397,Q8IVT2
3398,Q8IVT2
3399,Q8IVT2
3400,Q8IVT2
3401,Q8IW35
3402,Q8IWA0
3403,Q8IWA5
3404,Q8IWB9
3405,Q8IWB9
3406,Q8IWC1
3407,Q8IWC1
3408,Q8IWD4
3409,Q8IWE2
3410,Q8IWF6
3411,Q8IWI9
3412,Q8IWI9
3413,Q8IWI9
3414,Q8IWI9
3415,Q8IWJ2
3416,Q8IWS0
3417,Q8IWS0
3418,Q8IWS0
3419,Q8IWS0
3420,Q8IWV7
3421,Q8IWW6
3422,Q8IWW6
3423,Q8IWW6
3424,Q8IWW6
3425,Q8IWW6
3426,Q8IWZ3-6
3427,Q8IWZ3-6
3428,Q8IWZ3-6
3429,Q8IWZ3-6
3430,Q8IWZ8
3431,Q8IX01
3432,Q8IX03
3433,Q8IX03
3434,Q8IX03
3435,Q8IX07
3436,Q8IX12
3437,Q8IX90
3438,Q8IX90
3439,Q8IX90
3440,Q8IXJ9
3441,Q8IXM2
3442,Q8IXM2
3443,Q8IXM2-2
3444,Q8IXM2-2
3445,Q8IXQ4
3446,Q8IXT5
3447,Q8IXT5
3448,Q8IXT5
3449,Q8IXT5
3450,Q8IXT5
3451,Q8IXT5
3452,Q8IXT5
3453,Q8IXU6
3454,Q8IY81
3455,Q8IY81
3456,Q8IY81
3457,Q8IY81
3458,Q8IY81
3459,Q8IY81
3460,Q8IYB7
3461,Q8IZ21
3462,Q8IZ21
3463,Q8IZ21
3464,Q8IZ73
3465,Q8IZF6
3466,Q8IZF6
3467,Q8IZH2-2
3468,Q8IZL8
3469,Q8IZL8
3470,Q8IZP0
3471,Q8IZP0
3472,Q8IZP9
3473,Q8IZT6
3474,Q8IZT6
3475,Q8IZT6
3476,Q8IZT6
3477,Q8N0X7
3478,Q8N0Y2
3479,Q8N108
3480,Q8N108
3481,Q8N108
3482,Q8N122
3483,Q8N122
3484,Q8N122
3485,Q8N122
3486,Q8N163
3487,Q8N1F8
3488,Q8N1G0
3489,Q8N1G0
3490,Q8N1G0
3491,Q8N1G0
3492,Q8N1G0
3493,Q8N1G2
3494,Q8N1G4
3495,Q8N201
3496,Q8N2M8
3497,Q8N357
3498,Q8N3D4
3499,Q8N3D4
3500,Q8N3D4
3501,Q8N3F8
3502,Q8N3F8
3503,Q8N3J3
3504,Q8N3R9
3505,Q8N3U4
3506,Q8N3U4
3507,Q8N3V7-2
3508,Q8N3V7-2
3509,Q8N3V7-2
3510,Q8N3V7-2
3511,Q8N3V7-2
3512,Q8N3V7-2
3513,Q8N3V7-2
3514,Q8N3V7-2
3515,Q8N3X1
3516,Q8N3X1
3517,Q8N3X1
3518,Q8N3X1
3519,Q8N3X1
3520,Q8N3Z6
3521,Q8N4C8
3522,Q8N4C8
3523,Q8N4C8
3524,Q8N556
3525,Q8N556
3526,Q8N556
3527,Q8N573
3528,Q8N5C8
3529,Q8N5F7
3530,Q8N5I9
3531,Q8N5I9
3532,Q8N5I9
3533,Q8N5I9
3534,Q8N5J2
3535,Q8N5P1
3536,Q8N684
3537,Q8N684
3538,Q8N6H7
3539,Q8N6H7
3540,Q8N6L1
3541,Q8N6N3
3542,Q8N6N3
3543,Q8N6S5
3544,Q8N6S5
3545,Q8N6T3
3546,Q8N6T3
3547,Q8N6T3
3548,Q8N7R7
3549,Q8N8A6
3550,Q8N8S7
3551,Q8N8S7
3552,Q8N8S7-2
3553,Q8N8S7-2
3554,Q8N8S7-2
3555,Q8N961
3556,Q8N9B5
3557,Q8N9M1
3558,Q8N9T8
3559,Q8N9T8
3560,Q8N9T8
3561,Q8N9T8
3562,Q8N9T8
3563,Q8N9V3
3564,Q8NAF0
3565,Q8NAF0
3566,Q8NAF0
3567,Q8NB49
3568,Q8NB78
3569,Q8NB78
3570,Q8NBI5
3571,Q8NC51
3572,Q8NC51
3573,Q8NC51
3574,Q8NC51
3575,Q8NC51
3576,Q8NC51
3577,Q8NC51
3578,Q8NC51
3579,Q8NC51
3580,Q8NC51
3581,Q8NC51-3
3582,Q8NC51-3
3583,Q8NC51-3
3584,Q8NC56
3585,Q8NC56
3586,Q8NC56
3587,Q8NCD3
3588,Q8NCD3
3589,Q8NCD3
3590,Q8NCE2
3591,Q8NCF5
3592,Q8NCF5
3593,Q8NCF5
3594,Q8NCG7
3595,Q8NCN4
3596,Q8NCN4
3597,Q8NCN4
3598,Q8NCN4
3599,Q8ND24
3600,Q8ND24
3601,Q8ND24
3602,Q8ND56
3603,Q8ND56
3604,Q8ND56
3605,Q8ND56
3606,Q8ND82
3607,Q8ND82
3608,Q8NDC0
3609,Q8NDD1
3610,Q8NDI1
3611,Q8NDI1
3612,Q8NDT2
3613,Q8NDT2
3614,Q8NDT2
3615,Q8NDV7
3616,Q8NDV7
3617,Q8NDV7
3618,Q8NDX5
3619,Q8NDX5
3620,Q8NDX5
3621,Q8NDX5
3622,Q8NDX5
3623,Q8NDX5
3624,Q8NE01
3625,Q8NE01
3626,Q8NE71
3627,Q8NE71
3628,Q8NEF9
3629,Q8NEF9
3630,Q8NEF9
3631,Q8NEF9
3632,Q8NEN9
3633,Q8NEY1
3634,Q8NEY8-3
3635,Q8NEZ2
3636,Q8NEZ4
3637,Q8NFC6
3638,Q8NFC6
3639,Q8NFC6
3640,Q8NFC6
3641,Q8NFC6
3642,Q8NFD5
3643,Q8NFD5
3644,Q8NFD5
3645,Q8NFD5
3646,Q8NFD5
3647,Q8NFF5
3648,Q8NFH5
3649,Q8NFH5
3650,Q8NFH5
3651,Q8NFH5
3652,Q8NFH5
3653,Q8NFH5
3654,Q8NFH5
3655,Q8NFH5
3656,Q8NFH5
3657,Q8NFH5
3658,Q8NFJ5
3659,Q8NFJ5
3660,Q8NFQ8
3661,Q8NFY4
3662,Q8NFY4
3663,Q8NG31
3664,Q8NG31
3665,Q8NG31
3666,Q8NG31
3667,Q8NHG8
3668,Q8NHG8
3669,Q8NHG8
3670,Q8NHM5
3671,Q8NHP6
3672,Q8NHQ9
3673,Q8NHV4
3674,Q8NHV4
3675,Q8NHZ8
3676,Q8NI08-7
3677,Q8NI08-7
3678,Q8NI27
3679,Q8NI27
3680,Q8NI27
3681,Q8NI27
3682,Q8NI27
3683,Q8NI27
3684,Q8NI35
3685,Q8NI35
3686,Q8NI35
3687,Q8NI35
3688,Q8NI77
3689,Q8TAA3
3690,Q8TAA9
3691,Q8TAD8
3692,Q8TAD8
3693,Q8TAD8
3694,Q8TAP8
3695,Q8TAP8
3696,Q8TAP9
3697,Q8TAP9
3698,Q8TAP9
3699,Q8TAQ2
3700,Q8TAQ2
3701,Q8TAQ2
3702,Q8TB36
3703,Q8TB61-3
3704,Q8TBB5
3705,Q8TBE0
3706,Q8TBN0
3707,Q8TBN0
3708,Q8TC07
3709,Q8TCG1
3710,Q8TCJ2
3711,Q8TCJ2
3712,Q8TCJ2
3713,Q8TD16
3714,Q8TD19
3715,Q8TDB6
3716,Q8TDB6
3717,Q8TDN6
3718,Q8TE04
3719,Q8TEA8
3720,Q8TEH3
3721,Q8TEK3
3722,Q8TEK3
3723,Q8TEM1
3724,Q8TEM1
3725,Q8TEM1
3726,Q8TEM1
3727,Q8TEM1
3728,Q8TEM1
3729,Q8TEQ6
3730,Q8TEU7
3731,Q8TEV9
3732,Q8TEW0
3733,Q8TEW0
3734,Q8TEW0
3735,Q8TEW0
3736,Q8TEW0
3737,Q8TEW0
3738,Q8TF01
3739,Q8TF68
3740,Q8TF74
3741,Q8WTT2
3742,Q8WUA2
3743,Q8WUA4
3744,Q8WUA4
3745,Q8WUA4
3746,Q8WUA4
3747,Q8WUA4
3748,Q8WUA4
3749,Q8WUF5
3750,Q8WUF5
3751,Q8WUF5
3752,Q8WUF5
3753,Q8WUF5
3754,Q8WUF5
3755,Q8WUF5
3756,Q8WUF5
3757,Q8WUF5
3758,Q8WUF5
3759,Q8WUF5
3760,Q8WUF5
3761,Q8WUF5
3762,Q8WUF5
3763,Q8WUI4
3764,Q8WUI4
3765,Q8WUI4
3766,Q8WUJ0
3767,Q8WUM0
3768,Q8WUM0
3769,Q8WUM0
3770,Q8WUM4
3771,Q8WUM9
3772,Q8WUM9
3773,Q8WUM9
3774,Q8WVB6-2
3775,Q8WVB6-2
3776,Q8WVC0
3777,Q8WVC0
3778,Q8WVC0
3779,Q8WVC0
3780,Q8WVC0
3781,Q8WVC0
3782,Q8WVK7
3783,Q8WVM7
3784,Q8WVM8
3785,Q8WVV9
3786,Q8WW12
3787,Q8WW12
3788,Q8WWI1-3
3789,Q8WWI1-3
3790,Q8WWI1-3
3791,Q8WWK9
3792,Q8WWK9
3793,Q8WWK9
3794,Q8WWK9
3795,Q8WWK9
3796,Q8WWK9
3797,Q8WWM7
3798,Q8WX93
3799,Q8WX93
3800,Q8WX93
3801,Q8WX93
3802,Q8WX93
3803,Q8WX93
3804,Q8WX93
3805,Q8WXA9
3806,Q8WXE0
3807,Q8WXE0
3808,Q8WXE1
3809,Q8WXE1
3810,Q8WXE1
3811,Q8WXH0
3812,Q8WXH0
3813,Q8WXI9
3814,Q8WXI9
3815,Q8WXI9
3816,Q8WXI9
3817,Q8WXI9
3818,Q8WXI9
3819,Q8WXI9
3820,Q8WXI9
3821,Q8WY36
3822,Q8WY36
3823,Q8WY36
3824,Q8WYA6
3825,Q8WYP5
3826,Q8WYP5
3827,Q8WYP5
3828,Q8WYP5
3829,Q8WYP5
3830,Q8WYP5
3831,Q8WYP5
3832,Q8WYP5
3833,Q8WYP5
3834,Q8WYP5
3835,Q8WYP5
3836,Q8WYP5
3837,Q8WYP5
3838,Q8WYP5
3839,Q8WYP5
3840,Q8WYP5
3841,Q8WYP5
3842,Q8WYQ5
3843,Q8WYQ5
3844,Q92466
3845,Q92508
3846,Q92508
3847,Q92508
3848,Q92508
3849,Q92508
3850,Q92508
3851,Q92522
3852,Q92530
3853,Q92538
3854,Q92538
3855,Q92538
3856,Q92538
3857,Q92538
3858,Q92541
3859,Q92547
3860,Q92547
3861,Q92547
3862,Q92547
3863,Q92547
3864,Q92547
3865,Q92547
3866,Q92560
3867,Q92574
3868,Q92574
3869,Q92576
3870,Q92576
3871,Q92576
3872,Q92576
3873,Q92576
3874,Q92585
3875,Q92597
3876,Q92597
3877,Q92597
3878,Q92598
3879,Q92598
3880,Q92598
3881,Q92609
3882,Q92610
3883,Q92610
3884,Q92610
3885,Q92613
3886,Q92613
3887,Q92614
3888,Q92614
3889,Q92614
3890,Q92615
3891,Q92615
3892,Q92615
3893,Q92615
3894,Q92616
3895,Q92620
3896,Q92625
3897,Q92625
3898,Q92667
3899,Q92685
3900,Q92692
3901,Q92692
3902,Q92733
3903,Q92733
3904,Q92733
3905,Q92734
3906,Q92766
3907,Q92766
3908,Q92766
3909,Q92785
3910,Q92793
3911,Q92797
3912,Q92797
3913,Q92804
3914,Q92804
3915,Q92870
3916,Q92879-4
3917,Q92879-4
3918,Q92882
3919,Q92888-3
3920,Q92890
3921,Q92890
3922,Q92890
3923,Q92890
3924,Q92917
3925,Q92917
3926,Q92917
3927,Q92922
3928,Q92925
3929,Q92934
3930,Q92945
3931,Q92945
3932,Q92945
3933,Q92974
3934,Q92979
3935,Q92994
3936,Q92994
3937,Q93008
3938,Q93008
3939,Q93009
3940,Q93052
3941,Q93052
3942,Q93052
3943,Q93074
3944,Q969G5
3945,Q969J3
3946,Q969S3
3947,Q969W3
3948,Q969X1
3949,Q96A49
3950,Q96A57
3951,Q96A65
3952,Q96AC1
3953,Q96AC1
3954,Q96AE4
3955,Q96AE4
3956,Q96AE4
3957,Q96AG3
3958,Q96AG4
3959,Q96AQ6
3960,Q96AT1
3961,Q96AT1
3962,Q96B01
3963,Q96B01
3964,Q96B01
3965,Q96B01
3966,Q96B23
3967,Q96B36
3968,Q96B36
3969,Q96B36
3970,Q96B36
3971,Q96B36
3972,Q96B97
3973,Q96B97
3974,Q96BD0
3975,Q96BY9
3976,Q96BZ8
3977,Q96C12-3
3978,Q96C19
3979,Q96C19
3980,Q96C36
3981,Q96C36
3982,Q96C57
3983,Q96C57
3984,Q96C57
3985,Q96C57
3986,Q96C57
3987,Q96C90
3988,Q96CB8
3989,Q96CP2
3990,Q96CP6
3991,Q96CT7
3992,Q96CT7
3993,Q96CW6
3994,Q96D46
3995,Q96D46
3996,Q96DA6
3997,Q96DY7
3998,Q96E09
3999,Q96E09
4000,Q96E09
4001,Q96E09
4002,Q96E09
4003,Q96EB6
4004,Q96EI5
4005,Q96EZ8
4006,Q96EZ8
4007,Q96F63
4008,Q96F86
4009,Q96FF9
4010,Q96FF9
4011,Q96FF9
4012,Q96FF9
4013,Q96FJ0
4014,Q96FS4
4015,Q96FS4
4016,Q96FS4
4017,Q96FV9
4018,Q96G03
4019,Q96G46
4020,Q96G46
4021,Q96G46
4022,Q96G74
4023,Q96G74
4024,Q96GD4
4025,Q96GM8
4026,Q96GV9
4027,Q96GY0
4028,Q96H55
4029,Q96HA7
4030,Q96HC4
4031,Q96HC4
4032,Q96HC4
4033,Q96HC4
4034,Q96HC4
4035,Q96HC4
4036,Q96HC4
4037,Q96HE9
4038,Q96HE9
4039,Q96HE9
4040,Q96HH9
4041,Q96HN2
4042,Q96HR8
4043,Q96I24
4044,Q96I25
4045,Q96I25
4046,Q96IF1
4047,Q96IF1
4048,Q96IF1
4049,Q96IG2
4050,Q96II8
4051,Q96II8
4052,Q96IZ0
4053,Q96JC9
4054,Q96JG6
4055,Q96JG6
4056,Q96JG6
4057,Q96JG6
4058,Q96JM3
4059,Q96JM3
4060,Q96JM3
4061,Q96JM3
4062,Q96JM3
4063,Q96JM3
4064,Q96JM3
4065,Q96JM3
4066,Q96JM3
4067,Q96JM3
4068,Q96JM3
4069,Q96JM3
4070,Q96JM3
4071,Q96JM3
4072,Q96JM3
4073,Q96JM3
4074,Q96JM3
4075,Q96JM3
4076,Q96JM3
4077,Q96JM3
4078,Q96JM3
4079,Q96JM3
4080,Q96JM3
4081,Q96JM3
4082,Q96JN8
4083,Q96K21-3
4084,Q96K76
4085,Q96K76
4086,Q96KB5
4087,Q96KB5
4088,Q96KB5
4089,Q96KC8
4090,Q96KM6
4091,Q96KR1
4092,Q96KR1
4093,Q96L73
4094,Q96LD4
4095,Q96LD4
4096,Q96MH2
4097,Q96MU7
4098,Q96MU7
4099,Q96MU7
4100,Q96MW1
4101,Q96N21-2
4102,Q96N66
4103,Q96N67
4104,Q96N67-2
4105,Q96N67-2
4106,Q96N67-2
4107,Q96N67-2
4108,Q96N67-2
4109,Q96N67-2
4110,Q96N67-2
4111,Q96N67-2
4112,Q96NB3
4113,Q96NB3
4114,Q96NT5
4115,Q96P11-2
4116,Q96P47
4117,Q96P48-3
4118,Q96P48-3
4119,Q96PD2
4120,Q96PE2
4121,Q96PK6
4122,Q96PK6
4123,Q96PK6
4124,Q96PU4
4125,Q96PU5
4126,Q96Q05
4127,Q96Q15
4128,Q96QC0
4129,Q96QC0
4130,Q96QE3
4131,Q96QT6
4132,Q96QT6
4133,Q96QT6
4134,Q96R06
4135,Q96R06
4136,Q96R06
4137,Q96R06
4138,Q96R06
4139,Q96R06
4140,Q96R06
4141,Q96R06
4142,Q96R06
4143,Q96RL1
4144,Q96RN5
4145,Q96RT1
4146,Q96RT1
4147,Q96RT1
4148,Q96RU2
4149,Q96S55
4150,Q96S55
4151,Q96S59
4152,Q96S59
4153,Q96S59
4154,Q96S59
4155,Q96S59
4156,Q96S66
4157,Q96S66
4158,Q96S66
4159,Q96S66
4160,Q96S66
4161,Q96S66
4162,Q96S90
4163,Q96S94
4164,Q96S97
4165,Q96S99
4166,Q96SB4
4167,Q96ST2
4168,Q96ST2
4169,Q96ST3
4170,Q96ST3
4171,Q96ST3
4172,Q96T23
4173,Q96T23
4174,Q96T23
4175,Q96T23
4176,Q96T23
4177,Q96T23
4178,Q96T37
4179,Q96T37
4180,Q96T37
4181,Q96T37
4182,Q96T37
4183,Q96T37
4184,Q96T37
4185,Q96T58
4186,Q96T58
4187,Q96T58
4188,Q96T58
4189,Q96T58
4190,Q96T58
4191,Q96T58
4192,Q96T58
4193,Q96T60
4194,Q96T88
4195,Q96T88
4196,Q96T88
4197,Q96T88
4198,Q96TA1
4199,Q96TA1
4200,Q96TA1
4201,Q96TA1
4202,Q96TA1
4203,Q96TC7
4204,Q99081
4205,Q99081
4206,Q99442
4207,Q99459
4208,Q99459
4209,Q99459
4210,Q99459
4211,Q99459
4212,Q99459
4213,Q99459
4214,Q99460
4215,Q99460
4216,Q99460
4217,Q99460
4218,Q99504
4219,Q99523
4220,Q99536
4221,Q99536
4222,Q99543
4223,Q99543
4224,Q99543
4225,Q99543
4226,Q99547
4227,Q99549
4228,Q99549
4229,Q99549
4230,Q99567
4231,Q99567
4232,Q99567
4233,Q99569
4234,Q99569
4235,Q99569
4236,Q99569
4237,Q99569
4238,Q99569
4239,Q99575
4240,Q99590
4241,Q99590
4242,Q99590
4243,Q99590
4244,Q99590
4245,Q99590
4246,Q99590
4247,Q99590
4248,Q99590
4249,Q99613
4250,Q99614
4251,Q99618
4252,Q99618
4253,Q99618
4254,Q99618
4255,Q99618
4256,Q99618
4257,Q99618
4258,Q99618
4259,Q99618
4260,Q99618
4261,Q99618
4262,Q99618
4263,Q99618
4264,Q99618
4265,Q99618
4266,Q99618
4267,Q99627
4268,Q99640
4269,Q99640
4270,Q99700
4271,Q99729-3
4272,Q99733
4273,Q99733
4274,Q99733
4275,Q99733
4276,Q99741
4277,Q99741
4278,Q99958
4279,Q99959
4280,Q99959
4281,Q99959
4282,Q9BPX3
4283,Q9BPX3
4284,Q9BPX3
4285,Q9BPX5
4286,Q9BQ04
4287,Q9BQ39
4288,Q9BQ52
4289,Q9BQ52
4290,Q9BQ67
4291,Q9BQ70
4292,Q9BQA1
4293,Q9BQE5
4294,Q9BQE9
4295,Q9BQE9
4296,Q9BQG0
4297,Q9BQG0
4298,Q9BQG0
4299,Q9BQG0
4300,Q9BQG0
4301,Q9BQG0
4302,Q9BQG0
4303,Q9BQG0
4304,Q9BQG0
4305,Q9BQG0
4306,Q9BQG0
4307,Q9BQG0
4308,Q9BQG0
4309,Q9BQG0
4310,Q9BQG0
4311,Q9BQG0
4312,Q9BQG0
4313,Q9BQG0
4314,Q9BQI0-3
4315,Q9BQL6
4316,Q9BR39
4317,Q9BR61
4318,Q9BRD0
4319,Q9BRD0
4320,Q9BRD0
4321,Q9BRD0
4322,Q9BRD0
4323,Q9BRJ6
4324,Q9BRJ6
4325,Q9BRJ6
4326,Q9BRJ6
4327,Q9BRL6
4328,Q9BRP1
4329,Q9BRP8
4330,Q9BRP8
4331,Q9BRQ0
4332,Q9BRS2
4333,Q9BRS2
4334,Q9BRZ2
4335,Q9BRZ2
4336,Q9BSI4
4337,Q9BSJ6
4338,Q9BSJ6
4339,Q9BSJ8
4340,Q9BT25
4341,Q9BTA9
4342,Q9BTA9
4343,Q9BTA9
4344,Q9BTA9
4345,Q9BTC0
4346,Q9BTC0
4347,Q9BTC0
4348,Q9BTC8
4349,Q9BTE3
4350,Q9BTE3
4351,Q9BTE3
4352,Q9BTE3
4353,Q9BTE7
4354,Q9BTK6
4355,Q9BTL3
4356,Q9BTU6
4357,Q9BTU6
4358,Q9BTU6
4359,Q9BTX1
4360,Q9BTX1
4361,Q9BTY7
4362,Q9BUH6
4363,Q9BUH6
4364,Q9BUH8
4365,Q9BUH8
4366,Q9BUI4
4367,Q9BUJ2
4368,Q9BUK6
4369,Q9BUK6
4370,Q9BUL9
4371,Q9BUN8
4372,Q9BUR4
4373,Q9BUR4
4374,Q9BUR4
4375,Q9BUT9
4376,Q9BVC5
4377,Q9BVC5
4378,Q9BVC5
4379,Q9BVG9
4380,Q9BVJ6
4381,Q9BVJ6
4382,Q9BVJ6
4383,Q9BVS4
4384,Q9BVS4
4385,Q9BVT8
4386,Q9BW19
4387,Q9BW71
4388,Q9BW71
4389,Q9BW71
4390,Q9BW71
4391,Q9BW91
4392,Q9BWF3
4393,Q9BWH6
4394,Q9BWH6
4395,Q9BWT3
4396,Q9BWT3
4397,Q9BWU0
4398,Q9BWU0
4399,Q9BWW4
4400,Q9BWW4
4401,Q9BX40
4402,Q9BX63
4403,Q9BX66-10
4404,Q9BX66-10
4405,Q9BX95
4406,Q9BX95
4407,Q9BXB4
4408,Q9BXB4
4409,Q9BXB4
4410,Q9BXB5
4411,Q9BXB5
4412,Q9BXB5
4413,Q9BXF6
4414,Q9BXF6
4415,Q9BXI6
4416,Q9BXK1
4417,Q9BXK5
4418,Q9BXK5
4419,Q9BXP5-5
4420,Q9BXP5-5
4421,Q9BXS5
4422,Q9BXS5
4423,Q9BXS6
4424,Q9BXS6
4425,Q9BXS6
4426,Q9BXS6
4427,Q9BXS6
4428,Q9BXS6
4429,Q9BXS6
4430,Q9BXS6
4431,Q9BXS6
4432,Q9BXS6
4433,Q9BXS6
4434,Q9BXW9
4435,Q9BY44
4436,Q9BY44
4437,Q9BY44
4438,Q9BY77
4439,Q9BY77
4440,Q9BY77
4441,Q9BY77
4442,Q9BY77
4443,Q9BY89
4444,Q9BY89
4445,Q9BY89
4446,Q9BY89
4447,Q9BY89
4448,Q9BY89
4449,Q9BY89
4450,Q9BY89
4451,Q9BY89
4452,Q9BY89
4453,Q9BY89
4454,Q9BYG3
4455,Q9BYG3
4456,Q9BYG3
4457,Q9BYJ9
4458,Q9BYK8
4459,Q9BYK8
4460,Q9BYT8
4461,Q9BYW2
4462,Q9BYW2
4463,Q9BYW2
4464,Q9BYX2
4465,Q9BZ23
4466,Q9BZ23
4467,Q9BZ29
4468,Q9BZ29
4469,Q9BZE2
4470,Q9BZE4
4471,Q9BZE9
4472,Q9BZE9
4473,Q9BZF1
4474,Q9BZF1
4475,Q9BZH6
4476,Q9BZI7
4477,Q9BZQ8
4478,Q9C086
4479,Q9C086
4480,Q9C0B0
4481,Q9C0B0
4482,Q9C0B5
4483,Q9C0B5
4484,Q9C0B5
4485,Q9C0B5
4486,Q9C0B5
4487,Q9C0B5
4488,Q9C0C2
4489,Q9C0C2
4490,Q9C0C2
4491,Q9C0C2
4492,Q9C0C2
4493,Q9C0C2
4494,Q9C0C2
4495,Q9C0C2
4496,Q9C0C2
4497,Q9C0C2
4498,Q9C0C2
4499,Q9C0C2
4500,Q9C0C2
4501,Q9C0C2
4502,Q9C0C2
4503,Q9C0C2
4504,Q9C0C2
4505,Q9C0C2
4506,Q9C0C2
4507,Q9C0C2
4508,Q9C0C2
4509,Q9C0C2
4510,Q9C0C2
4511,Q9C0C2
4512,Q9C0C2
4513,Q9C0C2
4514,Q9C0C7
4515,Q9C0C7
4516,Q9C0C9
4517,Q9C0C9
4518,Q9C0D5
4519,Q9C0E2
4520,Q9C0E8
4521,Q9C0E8
4522,Q9C0E8
4523,Q9C0E8
4524,Q9C0E8
4525,Q9C0E8
4526,Q9C0H2
4527,Q9C0H5
4528,Q9C0H5
4529,Q9C0H5
4530,Q9C0H5
4531,Q9C0I1
4532,Q9GZR1
4533,Q9GZS1
4534,Q9GZT9
4535,Q9GZV5
4536,Q9GZY8-2
4537,Q9GZY8-2
4538,Q9GZY8-2
4539,Q9GZZ1
4540,Q9H000
4541,Q9H079
4542,Q9H0B6
4543,Q9H0B6
4544,Q9H0B6
4545,Q9H0B6
4546,Q9H0B6
4547,Q9H0D6
4548,Q9H0D6
4549,Q9H0D6
4550,Q9H0D6
4551,Q9H0E9-2
4552,Q9H0E9-2
4553,Q9H0E9-2
4554,Q9H0E9-2
4555,Q9H0E9-2
4556,Q9H0G5
4557,Q9H0H5
4558,Q9H0H5
4559,Q9H0H5
4560,Q9H0H5
4561,Q9H0H5
4562,Q9H0H5
4563,Q9H0H5
4564,Q9H0H5
4565,Q9H0W8
4566,Q9H147
4567,Q9H1A4
4568,Q9H1A4
4569,Q9H1A4
4570,Q9H1A4
4571,Q9H1A4
4572,Q9H1A4
4573,Q9H1A4
4574,Q9H1A4
4575,Q9H1B7
4576,Q9H1B7
4577,Q9H1B7
4578,Q9H1B7
4579,Q9H1B7
4580,Q9H1E3
4581,Q9H1E3
4582,Q9H1E3
4583,Q9H1E3
4584,Q9H1E3
4585,Q9H1E3
4586,Q9H1H9
4587,Q9H1H9
4588,Q9H1H9
4589,Q9H1H9
4590,Q9H1K0
4591,Q9H211
4592,Q9H211
4593,Q9H223
4594,Q9H2D6
4595,Q9H2D6
4596,Q9H2D6
4597,Q9H2G2
4598,Q9H2G2
4599,Q9H2G2
4600,Q9H2H9
4601,Q9H2K8
4602,Q9H2M9
4603,Q9H2P0
4604,Q9H2P0
4605,Q9H2P0
4606,Q9H2P0
4607,Q9H2Y7
4608,Q9H2Y7
4609,Q9H2Y7
4610,Q9H2Y7
4611,Q9H307
4612,Q9H307
4613,Q9H307
4614,Q9H330-2
4615,Q9H330-2
4616,Q9H3N1
4617,Q9H3P2
4618,Q9H3P2
4619,Q9H3P2
4620,Q9H3P2
4621,Q9H3P2
4622,Q9H3P2
4623,Q9H3Q1
4624,Q9H3Q1
4625,Q9H3Q1
4626,Q9H3Q1
4627,Q9H3Z4
4628,Q9H410
4629,Q9H410
4630,Q9H410
4631,Q9H467
4632,Q9H4A3
4633,Q9H4A3
4634,Q9H4A3
4635,Q9H4A3
4636,Q9H4A3
4637,Q9H4G0
4638,Q9H4G0
4639,Q9H4G0
4640,Q9H4G0
4641,Q9H4G0
4642,Q9H4G0
4643,Q9H4G0
4644,Q9H4G0
4645,Q9H4G0
4646,Q9H4G0
4647,Q9H4G0
4648,Q9H4G0
4649,Q9H4L4
4650,Q9H4L4
4651,Q9H4L4
4652,Q9H4L4
4653,Q9H4L4
4654,Q9H4L5
4655,Q9H4L5
4656,Q9H4L5
4657,Q9H4L7
4658,Q9H4L7
4659,Q9H4M9
4660,Q9H4Z3
4661,Q9H501
4662,Q9H501
4663,Q9H568
4664,Q9H582
4665,Q9H582
4666,Q9H582
4667,Q9H583
4668,Q9H5H4
4669,Q9H5H4
4670,Q9H5I5
4671,Q9H5J0
4672,Q9H5J8
4673,Q9H611
4674,Q9H694
4675,Q9H694
4676,Q9H694
4677,Q9H6F5
4678,Q9H6F5
4679,Q9H6F5
4680,Q9H6F5
4681,Q9H6F5
4682,Q9H6F5
4683,Q9H6F5
4684,Q9H6F5
4685,Q9H6F5
4686,Q9H6F5
4687,Q9H6F5
4688,Q9H6F5
4689,Q9H6F5
4690,Q9H6F5
4691,Q9H6H4
4692,Q9H6K1
4693,Q9H6K1
4694,Q9H6R7
4695,Q9H6R7
4696,Q9H6R7
4697,Q9H6S0
4698,Q9H6S0
4699,Q9H6S0
4700,Q9H6S0
4701,Q9H6S3
4702,Q9H6S3
4703,Q9H6S3
4704,Q9H6S3
4705,Q9H6S3
4706,Q9H6W3
4707,Q9H6X2
4708,Q9H773
4709,Q9H788
4710,Q9H7C9
4711,Q9H7D0
4712,Q9H7D0
4713,Q9H7D7
4714,Q9H7F0
4715,Q9H7F0
4716,Q9H7F4
4717,Q9H7L9
4718,Q9H7L9
4719,Q9H7L9
4720,Q9H7L9
4721,Q9H7M9
4722,Q9H7N4
4723,Q9H7N4
4724,Q9H7N4
4725,Q9H7N4
4726,Q9H7N4
4727,Q9H7N4
4728,Q9H7N4
4729,Q9H7X7-3
4730,Q9H7Z6
4731,Q9H814
4732,Q9H8G2
4733,Q9H8G2
4734,Q9H8G2
4735,Q9H8G2
4736,Q9H8U3
4737,Q9H8V3
4738,Q9H8V3
4739,Q9H8V3
4740,Q9H8V3
4741,Q9H8V3
4742,Q9H8V3
4743,Q9H8V3
4744,Q9H8V3
4745,Q9H8Y5
4746,Q9H8Y5
4747,Q9H8Y5
4748,Q9H8Y5
4749,Q9H8Y8
4750,Q9H8Y8
4751,Q9H8Y8
4752,Q9H8Y8
4753,Q9H8Y8
4754,Q9H910
4755,Q9H910
4756,Q9H910
4757,Q9H910
4758,Q9H910
4759,Q9H910
4760,Q9H910
4761,Q9H981
4762,Q9H9A6
4763,Q9H9A7
4764,Q9H9A7
4765,Q9H9C1
4766,Q9H9J4
4767,Q9HAN9
4768,Q9HAP2
4769,Q9HB07
4770,Q9HB09
4771,Q9HB09
4772,Q9HB90
4773,Q9HBE1
4774,Q9HBL0
4775,Q9HC35
4776,Q9HC35
4777,Q9HC35
4778,Q9HC35
4779,Q9HC35
4780,Q9HC52
4781,Q9HC52
4782,Q9HC52
4783,Q9HC52
4784,Q9HC52
4785,Q9HCD6
4786,Q9HCD6
4787,Q9HCD6
4788,Q9HCE1
4789,Q9HCH0
4790,Q9HCH0
4791,Q9HCH0
4792,Q9HCJ3
4793,Q9HCK8
4794,Q9HCK8
4795,Q9HCK8
4796,Q9HCK8
4797,Q9HCK8
4798,Q9HCK8
4799,Q9HCN4
4800,Q9HCN4
4801,Q9HCU4
4802,Q9HD20
4803,Q9HDC5
4804,Q9HDC5
4805,Q9NP64
4806,Q9NP66
4807,Q9NP74
4808,Q9NP74
4809,Q9NP74
4810,Q9NPE2
4811,Q9NPE3
4812,Q9NPF5
4813,Q9NPH3
4814,Q9NPI6
4815,Q9NPI6
4816,Q9NPI6
4817,Q9NPI6
4818,Q9NPI6
4819,Q9NPQ8
4820,Q9NQ55
4821,Q9NQ84
4822,Q9NQA3
4823,Q9NQG5
4824,Q9NQG6
4825,Q9NQS1
4826,Q9NQS7
4827,Q9NQS7
4828,Q9NQS7
4829,Q9NQS7
4830,Q9NQS7
4831,Q9NQS7
4832,Q9NQS7
4833,Q9NQS7
4834,Q9NQT8
4835,Q9NQW6
4836,Q9NQW6
4837,Q9NQW6
4838,Q9NQW6
4839,Q9NQW6
4840,Q9NQW6
4841,Q9NQW6
4842,Q9NQW6
4843,Q9NQW6
4844,Q9NQW6
4845,Q9NQW6
4846,Q9NQW6
4847,Q9NQW6
4848,Q9NQW6
4849,Q9NQW6
4850,Q9NQW6
4851,Q9NQW6
4852,Q9NQW6
4853,Q9NQW6
4854,Q9NQW6
4855,Q9NQX3-2
4856,Q9NQX3-2
4857,Q9NQX3-2
4858,Q9NQX3-2
4859,Q9NQZ2
4860,Q9NR09
4861,Q9NR19
4862,Q9NR30
4863,Q9NR30
4864,Q9NR30
4865,Q9NR30
4866,Q9NR30
4867,Q9NR30
4868,Q9NR30
4869,Q9NR31
4870,Q9NRA0
4871,Q9NRA8
4872,Q9NRA8
4873,Q9NRG9
4874,Q9NRL2
4875,Q9NRL2
4876,Q9NRL2
4877,Q9NRL2
4878,Q9NRL2
4879,Q9NRL2
4880,Q9NRL3
4881,Q9NRL3
4882,Q9NRS6
4883,Q9NRY4
4884,Q9NRZ9
4885,Q9NS56
4886,Q9NS69
4887,Q9NS91
4888,Q9NS91
4889,Q9NS91
4890,Q9NSI2
4891,Q9NSI2
4892,Q9NSK0
4893,Q9NSK0
4894,Q9NSV4
4895,Q9NSV4
4896,Q9NSV4
4897,Q9NTI5-2
4898,Q9NTI5-2
4899,Q9NTI5-2
4900,Q9NTI5-2
4901,Q9NTI5-2
4902,Q9NTI5-2
4903,Q9NTI5-2
4904,Q9NTI5-2
4905,Q9NTI5-2
4906,Q9NTJ3
4907,Q9NTJ3
4908,Q9NTZ6
4909,Q9NTZ6
4910,Q9NU22
4911,Q9NUL3
4912,Q9NUL3
4913,Q9NUL3
4914,Q9NUL3
4915,Q9NUL3
4916,Q9NUL3
4917,Q9NUL3
4918,Q9NUQ3
4919,Q9NUQ6
4920,Q9NUY8
4921,Q9NUY8
4922,Q9NV56
4923,Q9NV56
4924,Q9NV88
4925,Q9NVC3
4926,Q9NVF7
4927,Q9NVG8
4928,Q9NVN8
4929,Q9NVN8
4930,Q9NVP2
4931,Q9NVR2
4932,Q9NVR5
4933,Q9NVR5
4934,Q9NVS9
4935,Q9NVU7
4936,Q9NVZ3
4937,Q9NW75
4938,Q9NW75
4939,Q9NW82
4940,Q9NW82
4941,Q9NW97
4942,Q9NWA0
4943,Q9NWB6
4944,Q9NWH9
4945,Q9NWH9
4946,Q9NWH9
4947,Q9NWH9
4948,Q9NWK9
4949,Q9NWS9
4950,Q9NWT1
4951,Q9NWV8
4952,Q9NWZ5
4953,Q9NWZ5
4954,Q9NX40
4955,Q9NX40
4956,Q9NX57
4957,Q9NX57
4958,Q9NX58
4959,Q9NX63
4960,Q9NX74
4961,Q9NX74
4962,Q9NXC5
4963,Q9NXE4
4964,Q9NXE4
4965,Q9NXE4
4966,Q9NXE8
4967,Q9NXE8
4968,Q9NXF1
4969,Q9NXG2
4970,Q9NXG2
4971,Q9NXH8
4972,Q9NXH9
4973,Q9NXH9
4974,Q9NXR1
4975,Q9NXR1
4976,Q9NXR1
4977,Q9NXR1
4978,Q9NXR5
4979,Q9NXV6
4980,Q9NXV6
4981,Q9NY27
4982,Q9NY27
4983,Q9NY27
4984,Q9NYB0
4985,Q9NYB0
4986,Q9NYB0
4987,Q9NYB9
4988,Q9NYB9
4989,Q9NYB9
4990,Q9NYD6
4991,Q9NYD6
4992,Q9NYF3
4993,Q9NYF8
4994,Q9NYF8
4995,Q9NYF8
4996,Q9NYF8
4997,Q9NYF8
4998,Q9NYF8
4999,Q9NYF8
5000,Q9NYF8
5001,Q9NYF8
5002,Q9NYF8
5003,Q9NYF8
5004,Q9NYF8
5005,Q9NYF8
5006,Q9NYF8
5007,Q9NYF8
5008,Q9NYF8
5009,Q9NYF8
5010,Q9NYF8
5011,Q9NYF8
5012,Q9NYF8
5013,Q9NYF8
5014,Q9NYF8
5015,Q9NYF8
5016,Q9NYL2
5017,Q9NYL2
5018,Q9NYL9
5019,Q9NYM9
5020,Q9NYP7
5021,Q9NYV4-2
5022,Q9NYV4-2
5023,Q9NYV4-2
5024,Q9NYV4-2
5025,Q9NYV6
5026,Q9NYV6
5027,Q9NYZ3
5028,Q9NYZ3
5029,Q9NYZ3
5030,Q9NYZ3
5031,Q9NYZ3
5032,Q9NYZ3
5033,Q9NYZ3
5034,Q9NYZ3
5035,Q9NYZ3
5036,Q9NYZ3
5037,Q9NYZ3
5038,Q9NZ53
5039,Q9NZ63
5040,Q9NZC9
5041,Q9NZI8
5042,Q9NZJ0
5043,Q9NZJ0
5044,Q9NZJ0
5045,Q9NZJ5
5046,Q9NZL4
5047,Q9NZM1
5048,Q9NZN4
5049,Q9NZN4
5050,Q9NZN4
5051,Q9NZN5
5052,Q9NZN5
5053,Q9NZN5
5054,Q9NZN5
5055,Q9NZN5
5056,Q9NZN8
5057,Q9NZN8
5058,Q9NZT2
5059,Q9NZT2
5060,Q9NZT2
5061,Q9P0K7
5062,Q9P0K7
5063,Q9P0K7
5064,Q9P0L0-2
5065,Q9P0L2
5066,Q9P0U4
5067,Q9P0U4
5068,Q9P0U4
5069,Q9P0U4
5070,Q9P0V3
5071,Q9P0V3
5072,Q9P1Y5
5073,Q9P1Y5
5074,Q9P1Y6
5075,Q9P1Y6
5076,Q9P1Y6
5077,Q9P1Y6
5078,Q9P206
5079,Q9P206
5080,Q9P206
5081,Q9P206
5082,Q9P206
5083,Q9P206
5084,Q9P206
5085,Q9P206
5086,Q9P206
5087,Q9P209
5088,Q9P215
5089,Q9P246
5090,Q9P260
5091,Q9P260
5092,Q9P260
5093,Q9P265
5094,Q9P265
5095,Q9P265
5096,Q9P265
5097,Q9P265
5098,Q9P270
5099,Q9P270
5100,Q9P270
5101,Q9P275
5102,Q9P275
5103,Q9P275
5104,Q9P275
5105,Q9P275
5106,Q9P275
5107,Q9P289
5108,Q9P289
5109,Q9P289
5110,Q9P289
5111,Q9P2B4
5112,Q9P2B4
5113,Q9P2B4
5114,Q9P2B4
5115,Q9P2D0
5116,Q9P2D1
5117,Q9P2D1
5118,Q9P2D1
5119,Q9P2D1
5120,Q9P2D3
5121,Q9P2E9
5122,Q9P2E9
5123,Q9P2F8
5124,Q9P2G1
5125,Q9P2K8
5126,Q9P2K8
5127,Q9P2N5
5128,Q9P2N5
5129,Q9P2N6
5130,Q9P2N6
5131,Q9P2R6
5132,Q9P2R6
5133,Q9P2Y4
5134,Q9TNN7
5135,Q9UBB5
5136,Q9UBB9
5137,Q9UBB9
5138,Q9UBB9
5139,Q9UBB9
5140,Q9UBC2
5141,Q9UBC2
5142,Q9UBC2
5143,Q9UBC2
5144,Q9UBC2
5145,Q9UBD5
5146,Q9UBD5
5147,Q9UBF8-2
5148,Q9UBF8-2
5149,Q9UBF8-2
5150,Q9UBK8
5151,Q9UBN7
5152,Q9UBP0
5153,Q9UBP0
5154,Q9UBW7
5155,Q9UDY2
5156,Q9UDY2
5157,Q9UDY2
5158,Q9UDY2
5159,Q9UDY2
5160,Q9UDY2
5161,Q9UDY2
5162,Q9UDY2
5163,Q9UDY2
5164,Q9UDY2
5165,Q9UDY2
5166,Q9UDY2
5167,Q9UDY2
5168,Q9UEE9
5169,Q9UEG4
5170,Q9UER7
5171,Q9UER7
5172,Q9UER7
5173,Q9UER7
5174,Q9UEY8
5175,Q9UEY8
5176,Q9UEY8
5177,Q9UEY8
5178,Q9UEY8
5179,Q9UEY8
5180,Q9UEY8
5181,Q9UEY8
5182,Q9UEY8
5183,Q9UFC0
5184,Q9UFC0
5185,Q9UFC0
5186,Q9UFC0
5187,Q9UGP4
5188,Q9UGU0
5189,Q9UGU0
5190,Q9UGU0
5191,Q9UGU0
5192,Q9UGU0
5193,Q9UGU0
5194,Q9UGU0
5195,Q9UGV2
5196,Q9UHB6
5197,Q9UHB6
5198,Q9UHB6
5199,Q9UHB6
5200,Q9UHB6
5201,Q9UHB6
5202,Q9UHB6
5203,Q9UHB6
5204,Q9UHB6
5205,Q9UHB6
5206,Q9UHB6
5207,Q9UHB7
5208,Q9UHB7
5209,Q9UHB7
5210,Q9UHB7
5211,Q9UHB7
5212,Q9UHB7
5213,Q9UHB7
5214,Q9UHD1
5215,Q9UHD8
5216,Q9UHD8
5217,Q9UHD8
5218,Q9UHD8
5219,Q9UHD8
5220,Q9UHD8
5221,Q9UHI6
5222,Q9UHI6
5223,Q9UHI6
5224,Q9UHI6
5225,Q9UHI6
5226,Q9UHI6
5227,Q9UHK0
5228,Q9UHN6
5229,Q9UHR4
5230,Q9UHR4
5231,Q9UHR4
5232,Q9UHR6
5233,Q9UHR6
5234,Q9UHV7
5235,Q9UHW9
5236,Q9UHX1-6
5237,Q9UI08
5238,Q9UI08
5239,Q9UI08
5240,Q9UI08
5241,Q9UI08
5242,Q9UI10
5243,Q9UI10
5244,Q9UIF9
5245,Q9UIF9
5246,Q9UIF9
5247,Q9UIF9
5248,Q9UIF9
5249,Q9UIG0
5250,Q9UIG0
5251,Q9UIG0
5252,Q9UIG0
5253,Q9UIG0
5254,Q9UIG0
5255,Q9UIG0
5256,Q9UIG0
5257,Q9UIQ6
5258,Q9UJ41
5259,Q9UJC3
5260,Q9UJC3
5261,Q9UJC3
5262,Q9UJU6
5263,Q9UJU6
5264,Q9UJX2
5265,Q9UJX2
5266,Q9UJX6
5267,Q9UJX6
5268,Q9UJX6
5269,Q9UK58
5270,Q9UK58
5271,Q9UK58
5272,Q9UK58
5273,Q9UK59
5274,Q9UK61
5275,Q9UK61
5276,Q9UK76
5277,Q9UK76
5278,Q9UK76
5279,Q9UK76
5280,Q9UK76
5281,Q9UK76-3
5282,Q9UKD2
5283,Q9UKD2
5284,Q9UKG1
5285,Q9UKJ3-2
5286,Q9UKJ3-2
5287,Q9UKJ3-2
5288,Q9UKK3
5289,Q9UKK3
5290,Q9UKK3
5291,Q9UKL0
5292,Q9UKL0
5293,Q9UKL0
5294,Q9UKM9
5295,Q9UKM9
5296,Q9UKN8
5297,Q9UKN8
5298,Q9UKS6
5299,Q9UKS6
5300,Q9UKT5
5301,Q9UKV3-5
5302,Q9UKV3-5
5303,Q9UKV3-5
5304,Q9UKV3-5
5305,Q9UKV3-5
5306,Q9UKV3-5
5307,Q9UKV3-5
5308,Q9UKV3-5
5309,Q9UKV3-5
5310,Q9UKV3-5
5311,Q9UKV3-5
5312,Q9UKV3-5
5313,Q9UKV3-5
5314,Q9UKV3-5
5315,Q9UKV5
5316,Q9UKX7
5317,Q9UKX7
5318,Q9UKX7
5319,Q9UKY7
5320,Q9UKY7
5321,Q9ULF5
5322,Q9ULF5
5323,Q9ULH1
5324,Q9ULH1
5325,Q9ULH1
5326,Q9ULH7
5327,Q9ULH7
5328,Q9ULJ3
5329,Q9ULJ3
5330,Q9ULJ3
5331,Q9ULJ3
5332,Q9ULL5-3
5333,Q9ULL5-3
5334,Q9ULL5-3
5335,Q9ULL5-3
5336,Q9ULL5-3
5337,Q9ULM3
5338,Q9ULM3
5339,Q9ULM3
5340,Q9ULP9
5341,Q9ULQ1-3
5342,Q9ULR3
5343,Q9ULR3
5344,Q9ULT0
5345,Q9ULT8
5346,Q9ULU4-6
5347,Q9ULU4-6
5348,Q9ULU4-6
5349,Q9ULU4-6
5350,Q9ULU4-6
5351,Q9ULU4-6
5352,Q9ULU4-6
5353,Q9ULV3
5354,Q9ULW0
5355,Q9ULW0
5356,Q9ULW0
5357,Q9ULW0
5358,Q9ULW0
5359,Q9ULW0
5360,Q9ULX3
5361,Q9UM00
5362,Q9UMY4
5363,Q9UMZ2
5364,Q9UMZ2
5365,Q9UMZ2
5366,Q9UMZ2
5367,Q9UNE7
5368,Q9UNE7
5369,Q9UNE7
5370,Q9UNF1
5371,Q9UNS1
5372,Q9UNS2
5373,Q9UNY4
5374,Q9UNZ2
5375,Q9UNZ2
5376,Q9UNZ2
5377,Q9UP95
5378,Q9UP95
5379,Q9UP95
5380,Q9UPN4
5381,Q9UPN4
5382,Q9UPN6
5383,Q9UPN6
5384,Q9UPN7
5385,Q9UPN9
5386,Q9UPN9
5387,Q9UPN9
5388,Q9UPQ0
5389,Q9UPQ0
5390,Q9UPQ0
5391,Q9UPQ0
5392,Q9UPQ0
5393,Q9UPQ0
5394,Q9UPQ0
5395,Q9UPQ9
5396,Q9UPQ9
5397,Q9UPR0
5398,Q9UPR0
5399,Q9UPR0
5400,Q9UPR3
5401,Q9UPT5
5402,Q9UPT8
5403,Q9UPT8
5404,Q9UPT8
5405,Q9UPT8
5406,Q9UPT8
5407,Q9UPT8
5408,Q9UPT8
5409,Q9UPU5
5410,Q9UPU5
5411,Q9UPU5
5412,Q9UPU5
5413,Q9UPU5
5414,Q9UPU5
5415,Q9UPU5
5416,Q9UPW5
5417,Q9UPY3
5418,Q9UPY3
5419,Q9UPY3
5420,Q9UPZ3
5421,Q9UPZ3
5422,Q9UQ35
5423,Q9UQ35
5424,Q9UQ35
5425,Q9UQ35
5426,Q9UQ35
5427,Q9UQ35
5428,Q9UQ35
5429,Q9UQ35
5430,Q9UQ35
5431,Q9UQ35
5432,Q9UQ35
5433,Q9UQ35
5434,Q9UQ35
5435,Q9UQ35
5436,Q9UQ35
5437,Q9UQ35
5438,Q9UQ35
5439,Q9UQ35
5440,Q9UQ35
5441,Q9UQ35
5442,Q9UQ35
5443,Q9UQ35
5444,Q9UQ35
5445,Q9UQ35
5446,Q9UQ35
5447,Q9UQ35
5448,Q9UQ35
5449,Q9UQ35
5450,Q9UQ35
5451,Q9UQ35
5452,Q9UQ35
5453,Q9UQ35
5454,Q9UQ35
5455,Q9UQ35
5456,Q9UQ35
5457,Q9UQ35
5458,Q9UQ35
5459,Q9UQ35
5460,Q9UQ35
5461,Q9UQ35
5462,Q9UQ35
5463,Q9UQ35
5464,Q9UQ35
5465,Q9UQ35
5466,Q9UQ35
5467,Q9UQ35
5468,Q9UQ35
5469,Q9UQ35
5470,Q9UQ35
5471,Q9UQ35
5472,Q9UQ35
5473,Q9UQ35
5474,Q9UQ35
5475,Q9UQ35
5476,Q9UQ35
5477,Q9UQ35
5478,Q9UQ35
5479,Q9UQ35
5480,Q9UQ35
5481,Q9UQ35
5482,Q9UQ35
5483,Q9UQ35
5484,Q9UQ35
5485,Q9UQ35
5486,Q9UQ35
5487,Q9UQ35
5488,Q9UQ35
5489,Q9UQ35
5490,Q9UQ35
5491,Q9UQ35
5492,Q9UQ35
5493,Q9UQ35
5494,Q9UQ35
5495,Q9UQ35
5496,Q9UQ35
5497,Q9UQ35
5498,Q9UQ35
5499,Q9UQ35
5500,Q9UQ35
5501,Q9UQ35
5502,Q9UQ35
5503,Q9UQ35
5504,Q9UQ35
5505,Q9UQ35
5506,Q9UQ35
5507,Q9UQ35
5508,Q9UQ35
5509,Q9UQ35
5510,Q9UQ35
5511,Q9UQ35
5512,Q9UQ35
5513,Q9UQ35
5514,Q9UQ35
5515,Q9UQ35
5516,Q9UQ35
5517,Q9UQ35
5518,Q9UQ35
5519,Q9UQ35
5520,Q9UQ35
5521,Q9UQ35
5522,Q9UQ35
5523,Q9UQ35
5524,Q9UQ35
5525,Q9UQ35
5526,Q9UQ35
5527,Q9UQ35
5528,Q9UQ80
5529,Q9UQC2
5530,Q9UQN3
5531,Q9UQR0
5532,Q9UQR0
5533,Q9UQR0
5534,Q9UQR0
5535,Q9UQR1
5536,Q9UQR1
5537,Q9UQR1
5538,Q9UQR1
5539,Q9UQR1
5540,Q9UQR1
5541,Q9Y217
5542,Q9Y232
5543,Q9Y232
5544,Q9Y263
5545,Q9Y285
5546,Q9Y294
5547,Q9Y2D8
5548,Q9Y2F5
5549,Q9Y2F5
5550,Q9Y2F5
5551,Q9Y2F5
5552,Q9Y2F5
5553,Q9Y2G0
5554,Q9Y2I7
5555,Q9Y2K7
5556,Q9Y2K7
5557,Q9Y2K7
5558,Q9Y2L5
5559,Q9Y2T3-3
5560,Q9Y2U8
5561,Q9Y2U8
5562,Q9Y2U8
5563,Q9Y2U8
5564,Q9Y2U8
5565,Q9Y2U8
5566,Q9Y2V2
5567,Q9Y2V2
5568,Q9Y2V2
5569,Q9Y2V2
5570,Q9Y2W1
5571,Q9Y2W1
5572,Q9Y2W1
5573,Q9Y2W1
5574,Q9Y2W1
5575,Q9Y2W1
5576,Q9Y2W1
5577,Q9Y2W1
5578,Q9Y2W1
5579,Q9Y2W1
5580,Q9Y2W1
5581,Q9Y2W1
5582,Q9Y2W1
5583,Q9Y2W1
5584,Q9Y2W2
5585,Q9Y2W6
5586,Q9Y2X3
5587,Q9Y2X3
5588,Q9Y2X3
5589,Q9Y2X3
5590,Q9Y2X7-3
5591,Q9Y2X7-3
5592,Q9Y2X7-3
5593,Q9Y2X7-3
5594,Q9Y2Z0
5595,Q9Y314
5596,Q9Y320
5597,Q9Y383
5598,Q9Y383
5599,Q9Y383
5600,Q9Y385
5601,Q9Y385
5602,Q9Y388
5603,Q9Y3A4
5604,Q9Y3B2
5605,Q9Y3C1
5606,Q9Y3C6
5607,Q9Y3E2
5608,Q9Y3E5
5609,Q9Y3T9
5610,Q9Y3X0
5611,Q9Y426
5612,Q9Y426
5613,Q9Y426
5614,Q9Y446
5615,Q9Y446
5616,Q9Y446
5617,Q9Y450
5618,Q9Y450
5619,Q9Y478
5620,Q9Y483
5621,Q9Y485
5622,Q9Y485
5623,Q9Y490
5624,Q9Y490
5625,Q9Y4B5
5626,Q9Y4B5
5627,Q9Y4B5
5628,Q9Y4B5
5629,Q9Y4B5
5630,Q9Y4B5
5631,Q9Y4B5
5632,Q9Y4B6
5633,Q9Y4B6
5634,Q9Y4E1-6
5635,Q9Y4E6
5636,Q9Y4E8
5637,Q9Y4E8
5638,Q9Y4E8
5639,Q9Y4E8
5640,Q9Y4F1
5641,Q9Y4F1
5642,Q9Y4F1
5643,Q9Y4F1
5644,Q9Y4F1
5645,Q9Y4F1
5646,Q9Y4F3
5647,Q9Y4G6
5648,Q9Y4H2
5649,Q9Y4H2
5650,Q9Y4H2
5651,Q9Y4H2
5652,Q9Y4H2
5653,Q9Y4H2
5654,Q9Y4H2
5655,Q9Y4P8
5656,Q9Y4W2
5657,Q9Y4W2
5658,Q9Y520
5659,Q9Y520
5660,Q9Y520
5661,Q9Y520
5662,Q9Y520
5663,Q9Y520
5664,Q9Y520
5665,Q9Y520
5666,Q9Y520
5667,Q9Y520
5668,Q9Y520
5669,Q9Y520
5670,Q9Y520
5671,Q9Y520
5672,Q9Y5A9
5673,Q9Y5B0
5674,Q9Y5B0
5675,Q9Y5B9
5676,Q9Y5J1
5677,Q9Y5K3
5678,Q9Y5K6
5679,Q9Y5M8
5680,Q9Y5N6
5681,Q9Y5Q9
5682,Q9Y5S9
5683,Q9Y5T4
5684,Q9Y5T5
5685,Q9Y5U2
5686,Q9Y5Y0
5687,Q9Y5Y5
5688,Q9Y5Z4
5689,Q9Y608
5690,Q9Y613
5691,Q9Y613
5692,Q9Y613
5693,Q9Y618
5694,Q9Y618
5695,Q9Y618
5696,Q9Y618
5697,Q9Y618
5698,Q9Y618
5699,Q9Y618
5700,Q9Y618
5701,Q9Y618
5702,Q9Y618
5703,Q9Y618
5704,Q9Y618
5705,Q9Y624
5706,Q9Y624
5707,Q9Y657
5708,Q9Y666
5709,Q9Y666
5710,Q9Y673
5711,Q9Y678
5712,Q9Y679
5713,Q9Y679
5714,Q9Y679
5715,Q9Y6A5
5716,Q9Y6A5
5717,Q9Y6A5
5718,Q9Y6A5
5719,Q9Y6A5
5720,Q9Y6A5
5721,Q9Y6A5
5722,Q9Y6A5
5723,Q9Y6A5
5724,Q9Y6D5
5725,Q9Y6D9
5726,Q9Y6E0-2
5727,Q9Y6G9
5728,Q9Y6G9
5729,Q9Y6G9
5730,Q9Y6G9
5731,Q9Y6G9
5732,Q9Y6G9
5733,Q9Y6G9
5734,Q9Y6G9
5735,Q9Y6I3
5736,Q9Y6I3
5737,Q9Y6I3
5738,Q9Y6I3
5739,Q9Y6I3
5740,Q9Y6K0
5741,Q9Y6K0
5742,Q9Y6K0
5743,Q9Y6K5
5744,Q9Y6K9
5745,Q9Y6M1
5746,Q9Y6M1
5747,Q9Y6M1
5748,Q9Y6M5
5749,Q9Y6N7
5750,Q9Y6N7
5751,Q9Y6N8
5752,Q9Y6N8
5753,Q9Y6Q9
5754,Q9Y6Q9
5755,Q9Y6W5
5756,Q9Y6X9
5757,Q9Y6X9
5758,Q9Y6Y0
5759,Q9Y6Y8